id,author,title,content,rating,updated,im:version
14239108583,DJ marshmallow2802,Great but ads are too long,3/5 piratical until its isn’t,3,2026-06-28T19:11:31-07:00,9.1.60
14239102384,KynPickle,Don't hesitate!! Download NOW!!,"AWESOME APP. I can find ANY song here, even the most unnoticed songs. The rarest of the rare. ONE, UNO. ONE problem. You can only pick a certain amount of songs each day. I dunno how many specifically, but it may be under 10. Great app. Literally no major problems. Thanks for reading, Bye Pookies!!! 💜💜💜",5,2026-06-28T19:09:12-07:00,9.1.60
14239094887,**Thor**,Why,It keeps me completely locked in and feeds my needs for new music and content. I enjoy all the podcasts and reminders🤘,5,2026-06-28T19:06:19-07:00,9.1.60
14239078881,🎀♡🌈🫧🌸,Adds.,WAY TO MUCH ADDs,1,2026-06-28T19:00:13-07:00,9.1.60
14239065618,Ashey brubby,Good app,"Awesome app would recommend to anyone looking to get into frequent music listening. Not only can you play any song or podcast you want, you can also download podcasts and listen to them with the same download feature.",5,2026-06-28T18:54:59-07:00,9.1.60
14239034835,nurtahmid_13,One more thing,Would love it if you stayed on the lyrics page when the songs changed.,4,2026-06-28T18:43:02-07:00,9.1.60
14239023409,kim the beautiful one!,Great music,I love it,5,2026-06-28T18:38:39-07:00,9.1.60
14239021388,Pink80$,Free users,"People who use this app free can’t do anything. For example, users can’t play their music how they want without smart shuffle. They can’t even  replay a song unless they click it again.",1,2026-06-28T18:37:52-07:00,9.1.60
14239020524,tfuugx,100% worth it,Premium is pretty cheap and 100% worth it as someone who uses the app everyday,5,2026-06-28T18:37:32-07:00,9.1.60
14239017793,loved!!!!!!!!!!!!!,❤️❤️❤️❤️,I love Spotify there is a wide variety of songs and it is so amazing recommended,5,2026-06-28T18:36:28-07:00,9.1.60
14239005096,[ NAME ],Spotify you absolute BUFFOON.,"Why in the WORLD. Is a MUSIC APP. An APP MADE FIR MUSICAL ACTIVITIES. Restricting my access to song skipping and rewinding, choosing the song itself, and giving me two minute ads after listening to a singular song?! This is an absolute outrage, the only reason people are using your idiotic app is because of its “fun” features (such as blends, wrapped; etc.), and its properties which enable it to play out of app! And why is it still recommending music u listened to two years ago?! It’s still saying I listen to it and am into the same genres I used to be, even when said genres and songs have been blocked!",1,2026-06-28T18:31:33-07:00,9.1.60
14238998863,Book-head reviews⚽️📕,This app is goated!!!,"I have been listening to all of the hits, my fav songs, and even the option of audiobooks!! If i could I would give this 6 stars!😁🤩",5,2026-06-28T18:29:08-07:00,9.1.60
14238985700,Stephanie jr,We should be able to have infinite skips and be able to choose our songs,It’s a music app. I should be able to listen to whatever I want and I shouldn’t be constrained by 6 skips per hour and not being able to choose what songs I want played. You’re just being money hungry,1,2026-06-28T18:24:01-07:00,9.1.60
14238983489,Marybary265,Slay,Slay,5,2026-06-28T18:23:10-07:00,9.1.60
14238980763,Tuff app bro67,67,"Lowk a tuff application, why you reading the reviews bro every one knows what Spotify is😭🥀",4,2026-06-28T18:22:05-07:00,9.1.60
14238977345,Tuff TJ,Tuff tuff but maaaad ads that lwk get annoying fr 😔,4 stars,4,2026-06-28T18:20:45-07:00,9.1.60
14238977260,Listen foo,Commercial,To many commercials. Shouldn’t have to pay for premium to have less adds.,1,2026-06-28T18:20:42-07:00,9.1.60
14238974506,Norathenfp,Love the app hate ai,"Love the app and use it basically every day, don’t love that they integrated ai in general and especially to an app for artists. Very disappointed in the people who thought this was a good move, leading me to deduct two stars that I wouldn’t have prior.",3,2026-06-28T18:19:37-07:00,9.1.60
14238972426,MERSANAA,AMAZINGGG,okay i’ve been using spotify for 3years and it’s great it has all the songs u could think of. it’s great try it out pleaseeee,5,2026-06-28T18:18:47-07:00,9.1.60
14238969296,Kyle Busch fan 4 life #18,This is T R A S H,Spotify what are you doing first ads than I have to pay to play songs I want to play in any order and now I have no choice but to listen to music that’s not even on my playlist anymore. WHY (HALF STAR),1,2026-06-28T18:17:37-07:00,9.1.60
14238965524,Brady. R,Nice👍,Spotify is amazing!,5,2026-06-28T18:16:08-07:00,9.1.60
14238960036,wminai,Awesome piece of selection,I can now learn the lyrics of many of my musical favorites and songs that I love so much.,5,2026-06-28T18:13:59-07:00,9.1.60
14238957130,Fletchy_6,Spotify,Aura,5,2026-06-28T18:12:53-07:00,9.1.60
14238950006,Antarctica21,Best app ever,best app ever especially with premium,5,2026-06-28T18:10:03-07:00,9.1.60
14238949349,Emmalou.💕,horrible.🫤,"Ok so this app is AMAZING! Even if you don’t own pro this is still by far the BEST music app out there.  It is SO easy to sign up/ log in to this and I will always be using this app for my music time! They even provide clean versions and this app is just so high quality. Keep it up, Spotify! Five ⭐️’s. edit: okayy so its been like a year scince i wrote ts and i js wanna say i take it all back and it SUCKS. if u have the free version like me, it used to be verry nice and now its js ads, ads, and you cant even skip?? like what!!! its horrible if u cant pay for the premium, like someone cutting a dollar bill in half and saying theyre gonna use it. one star do better🥀",1,2026-06-28T18:09:47-07:00,9.1.60
14238929080,Cookie run kingdom is fun,Tuff,This app makes me happy,5,2026-06-28T18:02:01-07:00,9.1.60
14238918503,Scott686,Glacier girl,This song is just so underrated,5,2026-06-28T17:57:53-07:00,9.1.60
14238909190,Emma_s0ccer,Love it,I love it so much it’s so easy to not just type up songs and put them and do it again and again instead you can actually make a playlist love it!,5,2026-06-28T17:54:10-07:00,9.1.60
14238908923,Meta t.,Spotify,There is an ad like every time you skip a song and you have a limit of skips per hour.,3,2026-06-28T17:54:04-07:00,9.1.60
14238907615,👽👾🛼✌️😔🥀,Sure,Low key kinda annoying if you don’t have premium but still a lot better than Apple Music,4,2026-06-28T17:53:32-07:00,9.1.60
14238900553,babyazzy,Best,Best app ever I love it so much,5,2026-06-28T17:50:47-07:00,9.1.60
14238897424,FLY TA YA CITY,ICE MAN MAY 15,Ts to good,5,2026-06-28T17:49:31-07:00,9.1.60
14238879210,John_a55,abolish ice,abolish ice,1,2026-06-28T17:42:19-07:00,9.1.60
14238863814,tscaf2000,Yeah Spotify,"Music on the go, music when you want it, you make your list and play, play, play.",5,2026-06-28T17:36:17-07:00,9.1.60
14238852478,psalm:),Slowly becoming trash,Spotify has failed to shuffle my music. Lately it plays the same songs over and over again. Discover music is trash. All their music is AI now. Unsubscribing,1,2026-06-28T17:31:43-07:00,9.1.60
14238852103,Jaboosy,I-Tunes,This is how music should be basically free.,5,2026-06-28T17:31:35-07:00,9.1.60
14238847821,Frutitooti,Spotify,Love how you can pick youre own songs and create playlists,5,2026-06-28T17:29:54-07:00,9.1.60
14238842831,dave shabowsky,the non premium experience is awful,the premium is amazing tho,4,2026-06-28T17:27:52-07:00,9.1.60
14238834811,￼OK with a flick,I♥Spotify,"I think Spotify is amazing because it lets me listen to all of my favorite artists like Olivia Rodrigo, Ariana Grande, Tate McRae, Bailey spin KATSEYE and I love listening to music and I always wanted to be a singer and one day. I hope I can produce music onto Spotify, but if you’re thinking of about getting Spotify, I would suggest premium.",5,2026-06-28T17:24:38-07:00,9.1.60
14238833842,Za’Niya goodwin,My review,I love it but I want to repeat the songs with out paying,5,2026-06-28T17:24:15-07:00,9.1.60
14238814093,Dulac girl,Mels creations,I love listening to Spotify,5,2026-06-28T17:16:19-07:00,9.1.60
14238798745,Mejora de IQ,La mejor aplicación de música,Diez estrellas,5,2026-06-28T17:10:16-07:00,9.1.60
14238790503,Para chat,Aganlo,Quiten los anuncios por eso la gente prefiere Apple music,3,2026-06-28T17:06:58-07:00,9.1.60
14238777412,Misseclectic,Amazing,I play all my music on it amazing,5,2026-06-28T17:01:46-07:00,9.1.60
14238770117,Jacq woman,Daily Routine,Integrated into my daily life,5,2026-06-28T16:58:47-07:00,9.1.60
14238769738,Gamer Girl 10/10,Vibe,Spotify is a whole vibe! I can choose songs from artist I like and add them to my playlist💕10/10,5,2026-06-28T16:58:38-07:00,9.1.60
14238768387,Gobsone,Great plate form,Love how I find a lot of new artist just by listening to what I like.,5,2026-06-28T16:58:04-07:00,9.1.60
14238753932,bubby linda,funny,love this,5,2026-06-28T16:52:02-07:00,9.1.60
14238753290,Kinda cool person.,Good but bad,Spotify is one of the best except on phone due to a absurd reliance on premium practically every single aspect of your mobile experience is limited to basically 5 picks of what ever you want and we’ll just pick whatever the ai wants you to hear pretty disappointing.,3,2026-06-28T16:51:46-07:00,9.1.60
14238751768,241_k976.,Omg,You have to get a supscription to pick a song and then it plays the most horrible songs you’ve ever listen to in your life,1,2026-06-28T16:51:09-07:00,9.1.60
14238746856,67is in2025 the new 67 is 89,There's one problem that's probably isn't it fault,I love it.it has is many songs and I love making playlists.but I can't update it so mine is un updated. So me and my siblings have different Spotifys.but I don't think its fault. But otherwish it's amazing I love it,4,2026-06-28T16:49:09-07:00,9.0.48
14238737737,yapplr,ADS r getting too much bro.,I don’t understand why I have 5 ads in a row.,1,2026-06-28T16:45:24-07:00,9.1.60
14238737093,the spooky vision,Ok,It’s good but it’s not like I l-like it b-Baka,5,2026-06-28T16:45:08-07:00,9.1.60
14238730168,thanksodysseus,Fix the liked song Ui prettty prettyy pleeassee!!!,"I’ve never written a review in my entire life although I feel like this will get out there and hopefully make notice I think of something we all have. Even my friends an I have spoken on this

Simply, I don’t mind liking a song. I always add it to my playlist although I have to wait 3 to 4 seconds every time after trying to add it to my playlist because that plus icon turns into a liked song and then I see a sign that pops up to the area where I wanted to add it to my playlist next to the done button. It’s really a performative waste of time.

Love u all please fix spotify team. Get this to the higher ups asap!!!",5,2026-06-28T16:42:19-07:00,9.1.60
14238721674,Dma2120,Best songs,Best songs on the this app iykyk,5,2026-06-28T16:38:53-07:00,9.1.60
14238710964,SMDContreras,Music,Good playlists,5,2026-06-28T16:34:32-07:00,9.1.60
14238708783,Sadru1101,Add,To many adds,2,2026-06-28T16:33:35-07:00,9.1.60
14238696155,Nike basketball,Good music app,👍,5,2026-06-28T16:28:27-07:00,9.1.60
14238690764,ChristnaMikos,Review,"I enjoy the music, but it’s supposed to be a half hour of commercial free listening.  I get like 3-5 minutes between commercials.  It’s so annoying.",5,2026-06-28T16:26:14-07:00,9.1.60
14238687162,TMSC1878,So worth it,"I love that for such a low fee my entire family has access to endless music, podcasts, and audiobooks. I should have joined years ago when everyone was telling me how great it is.",5,2026-06-28T16:24:46-07:00,9.1.60
14238686406,hshshskbsvsb,El mejor,Amo Spotify es el mejro y azi,5,2026-06-28T16:24:27-07:00,9.1.60
14238683927,NICEPEBBLE,Good songs,ITS SO GOOD I BEEN USING THE SONG FOR HOURS NOW >:3,5,2026-06-28T16:23:27-07:00,9.1.60
14238679907,(ｋ_ｋ) (♥ω♥) ( ⸝⸝･̆⤚･̆⸝⸝),Good,I love it so much but it adds songs to playlists that I don’t know.,4,2026-06-28T16:21:49-07:00,9.1.60
14238671076,Leonardo Bacile,“Shuffle”,The shuffle option and the dj option only plays the same songs,4,2026-06-28T16:18:15-07:00,9.1.60
14238665904,Livvy✨🍀,Therapy,"It saves me but I wish their song transitions were better i like apple music personally.,,. Love the features tho",5,2026-06-28T16:16:08-07:00,9.1.60
14238664372,leslie0125,Amooooo,App increíble,5,2026-06-28T16:15:34-07:00,9.1.60
14238652458,Walking Journey,Shove it,I’ll never fork over my hard earned money to a leftist organization like Spotify. This is extortion; You make a like list of songs then they force you to listen songs you don’t like in your playlist. Open your eyes people hold onto your CDs for dear life if you still owe them.,1,2026-06-28T16:10:45-07:00,9.1.60
14238650112,APP_USER_TOTALLY_OVERDONE_IT!,SOO GORGINAA,So I got this yesterday- ITS SO GOOD OMG!!! I CAN LISTEN TO SOO MUCH GORGINA MUSIC AGHHUGHHH AND ITS SO CRISPYYUYYY😫😫😫!!! BYE BYE GORGINA COCONUT BADDIESSS P,5,2026-06-28T16:09:49-07:00,9.1.60
14238644512,Meeeeeeeeeeeeeeeeeeeeeeee😂,My Spotify review.,"The only reason why I gave Spotify four stars is because they are ads and nothings perfect. Otherwise, Spotify is really good, but I wouldn’t give it. Four and a half or five stars because of the ads. There are a lot of ads! Like I listen to 1 song and I get 4 or 5 adds… and premium, is very expensive so….. I don’t know. It NEEDS less adds.",4,2026-06-28T16:07:33-07:00,9.1.60
14238636981,zander 20111,Adds,Tooo mannyyy adddsss,4,2026-06-28T16:04:29-07:00,9.1.60
14238632036,My opinion b,Fav,Always!!!!,5,2026-06-28T16:02:28-07:00,9.1.60
14238630844,It’s Adley,Amazing,I love it I just wish they would let people delete are stuff in the library,4,2026-06-28T16:02:00-07:00,9.1.60
14238629119,Dvs48,App,Would be better offline,3,2026-06-28T16:01:17-07:00,9.1.60
14238626510,Parenting-101,Best app ever,You guys should get this. This is the best app ever!!!!,5,2026-06-28T16:00:13-07:00,9.1.60
14238626166,Jr pastor 5,Good,Good,5,2026-06-28T16:00:04-07:00,9.1.60
14238618194,continental bill,All songs I love like lady Gaga Bruno mars if the world was ended,10 outta ten,5,2026-06-28T15:56:44-07:00,9.1.60
14238607828,QT-🥧,Hard to use,Today I opened Spotify to hear music but it won’t let me play my playlist and it said “get premium to unlock your playlist” like what?  I searched up how to fix if you can’t play your playlist on yt and  I tried 1 vid and it still says “get premium to unlock your playlist” like at that point hard to use,1,2026-06-28T15:52:26-07:00,9.1.60
14238598036,Nonsense8909,Pay musicians more,Pay musicians more and remove AI production from the platform,1,2026-06-28T15:48:25-07:00,9.1.60
14238590213,Just_emmanuell24,Go back to the old days,After 10 songs I can’t pick as I like anymore,1,2026-06-28T15:45:13-07:00,9.1.60
14238583269,Nonchalant 67,Only one problem,This app is grate but the only problem is that the lyrics don’t sync perfectly on tv’s. I think they should use the same lyrics method as Apple Music does,4,2026-06-28T15:42:19-07:00,9.1.60
14238581182,Houstongirl7007,My Review,"I’ve just started listening. I like what I hear, but I’m gonna give it a minute so that I can really get to spend some time with it and then I can give a serious review.",5,2026-06-28T15:41:27-07:00,9.1.60
14238577371,HergrldwyobsF,The best,No problems play any time,5,2026-06-28T15:39:54-07:00,9.1.60
14238556967,Julia Chapchecov,Good,Good but too many ads,3,2026-06-28T15:31:41-07:00,9.1.60
14238550394,ghjuytres,Spotify is Great,Great,5,2026-06-28T15:29:00-07:00,9.1.60
14238543182,Sean Charles Kristufek,The midnight road,Like it,5,2026-06-28T15:26:04-07:00,9.1.60
14238534507,Marcella11bb$$$,My music like of over 15 years,"I love it because you can put your music a different categories and even if you don’t can’t afford the Spotify for that month, it’s all right cause you could still hear it all too well worth it love it",5,2026-06-28T15:22:33-07:00,9.1.60
14238518121,R_bCa444,Spotify,"I simply cannot explain in words how much I love Spotify. I love love LOVE listening to music and Spotify has so many endless songs and when I want to find new songs It’s really easy to find song that I like! And it’s nice to listen to podcasts on the way to school while on the bus >:3 Awesome app, wouldn’t be able to survive without it 😭",5,2026-06-28T15:16:01-07:00,9.1.60
14238507733,Alex g fan68,Wifiskeleton and Alex g,Peak,5,2026-06-28T15:11:52-07:00,9.1.60
14238500111,Itsmeobv8,Spotify review,"I love Spotify it’s really fun but the only reason I put down one star is because I don’t have premium, so I can’t skip as much and fast forward
 which is kinda bad but otherwise I really like it and the recommendations are great! You definitely should let people skip or fast forward",3,2026-06-28T15:08:49-07:00,9.1.60
14238495999,Tufffff frrrr,Best app ever,It’s so tuff it’s my fav app🥹,5,2026-06-28T15:07:14-07:00,9.1.60
14238494945,Leahbobeaaa,Songs,Spotify couldn’t be more of the help of all the loving songs I love to listen to drying my hard times and low times thank you so much for the appreciation of Spotify,5,2026-06-28T15:06:48-07:00,9.1.60
14238488328,Cohen Hallberg,Cohen’s review,Best app for music I would recommend this app then any other music apps,5,2026-06-28T15:04:12-07:00,9.1.60
14238481492,Travis Pastrana ￼,Ryder jones,Great music,5,2026-06-28T15:01:25-07:00,9.1.60
14238481387,Ryan mayhem,Ads and smart shuffle,It’s good but ads suck and smart shuffle isn’t enabled on iPhone,4,2026-06-28T15:01:23-07:00,9.1.60
14238471337,alani2fine,da goats,it is so good i love it yall need to make it to da top yall are better then Apple Music,5,2026-06-28T14:57:25-07:00,9.1.60
14238463012,🌌 starry night 🌟⭐️✨💫,ALPHA APP,"the only thing i dont like about spotify is the million ads but my fav part is how you can see lyrics ALPHA APP 
GREAT",5,2026-06-28T14:54:07-07:00,9.1.60
14238455952,Jabjabs,Good,Always have what song I’m looking for and helps find what I’m searching for,5,2026-06-28T14:51:17-07:00,9.1.60
14238452567,kekescustoms,The best streaming service,I love Spotify with my whole heart! The BEST streaming app there is!,5,2026-06-28T14:49:58-07:00,9.1.60
14238450751,Katybug6767,Creativeness,Love this app so creative,5,2026-06-28T14:49:16-07:00,9.1.60
14238443120,Beastie 123 bsj,So good,So good because I get to lisien to whatever I want to,5,2026-06-28T14:46:16-07:00,9.1.60
14238441997,😭😭😭✋🏿🥲✊🏻🥲🌈🥲😃💚😃💚😂,spotify is great,i loveee spotify smm it's great! i love listening to conan gray and different playlists that people make . the quality of the songs are great and sound amazing!!! would recommend ⭐️⭐️⭐️⭐️⭐️,5,2026-06-28T14:45:50-07:00,9.1.60
14238441085,Phainonsimp,I love spotify.,Spotify is the best thing that ever happened to me.,5,2026-06-28T14:45:29-07:00,9.1.60
14238416448,:)$64;&&!$&@?(,Excelente me la paso escuchando mi carpeta de BTS todo el día mientras hago cosas,Me encanta,5,2026-06-28T14:35:56-07:00,9.1.60
14238399794,😭🙄😅😅,Useless without premium,Only get 6 skips every 2 hours and u get a ad every 5 songs so hard to use if u dont pay.,1,2026-06-28T14:29:31-07:00,9.1.60
14238388637,Intocable 12,Gratissss,Simplemente la mejor app para poder escuchar música,5,2026-06-28T14:25:15-07:00,9.1.60
14238387766,srrjrr,Very good but not excellent,"I mainly listen to Indian music.  The selection is good not excellent, especially for classical and regional.  But my main complaint is that in spite of such a large number of Indian customers they don’t seem to understand that most Indian pop music the singer is usually the composer. The song details seem to mostly list the composer as the main artist and the singer as the artist and often not even listing the 2nd singer for duets.  

I am surprised that Indian customers tolerate this - but not surprising as Indians always love things foreign. I will try jiosaavn after my yearly subscription ends.",4,2026-06-28T14:24:55-07:00,9.1.60
14238384718,Misnlynk,Spotify,Love it! Listen to it everyday! Awesome!,5,2026-06-28T14:23:46-07:00,9.1.60
14238380421,Eau.npa,Too expensive,It’s costing too much to enjoy commercial free music,2,2026-06-28T14:22:09-07:00,9.1.60
14238379097,Na!.3,Song shuffles,Every time I shuffle my song it always the same songs that play every time.,1,2026-06-28T14:21:39-07:00,9.1.60
14238374769,personal movie critic for fun,I’m so sick of AI,Shuffle algorithm SUCKS. You want a new playlist of different songs you haven’t heard or a human-made playlist? Good luck!!! All you get is an AI generated slop playlist of all the songs you already know. I’d switch to Apple Music but I’m sure it’s the same.,1,2026-06-28T14:20:03-07:00,9.1.60
14238347321,Peakman!.,PEAK,Peak,5,2026-06-28T14:09:43-07:00,9.1.60
14238341407,I love snow🥰,The music!,"I LOVE the music! It’s so upbeat (when I choose the music I want) but what I really want is to have premium without having to pay AT ALL, but that’s fine as long as I can listen to my favorite music! I would recommend Spotify to others who don’t have it, especially since the you can host a playlist or send a playlist to your friends, Family or anyone to jam out with you! So 100% recommend to family and friends!",5,2026-06-28T14:07:31-07:00,9.1.60
14238339708,Pyotr Ilyich Tchaikovsky.,Premium,Its only good if you have premium otherwise it’s utter garbage.,5,2026-06-28T14:06:53-07:00,9.1.60
14238331922,BakudekuSLIMEEW,Nice,"This app is amazing, with all the songs I love! Have a good time on here!!",5,2026-06-28T14:04:02-07:00,9.1.60
14238329724,🎀I love Jesus,It’s.. ok,"It’s ok, you can listen to music until it won’t let you pick what song you listen to at all and it gets super annoying",2,2026-06-28T14:03:11-07:00,9.1.60
14238317331,Idkidkdikdidkkdkdkdkdidkdk,THE BEST APP I HAD-,This app is really fun and I love listening to different music. I also love how u get new suggestions for music!,5,2026-06-28T13:58:40-07:00,9.1.60
14238307887,Buckshot McCune,Pure pleasure,"I’m 65 years old and music is the   best medicine for one’s soul and mental health. Listen to songs from junior high school to high school. And to the present.  Memories, long forgotten have been renewed in my soul  go for the premium it will bring happiness to your life  ✌️",5,2026-06-28T13:55:08-07:00,9.1.60
14238304660,Erma loves food,Music,So good and I love music,5,2026-06-28T13:53:55-07:00,9.1.60
14238300874,🤩😍🥇,Infinite song choices?!?!!!!,Infinite song choices?!?!!!!,5,2026-06-28T13:52:30-07:00,9.1.60
14238282980,Teigs.piggy,The best,I’ve used Spotify for so long that I cannot even remember. Highly recommend to anyone looking for a great music streaming service,5,2026-06-28T13:45:53-07:00,9.1.60
14238274791,Don’t askcauseillnevertell,Awesome,I have the paid membership but even without it this app is awesome,5,2026-06-28T13:42:52-07:00,9.1.60
14238260945,Duke’s review999,Review,Spotify is probably one of my most used apps. It’s so good and creates the best playlists for me!,5,2026-06-28T13:37:48-07:00,9.1.60
14238245716,too_wavvy,Best music app oat,It’s js the best,5,2026-06-28T13:32:21-07:00,9.1.60
14238223156,bms,Spotify Needs To Give Out Refunds,"Used to be great until mid-2026 and the disco ball fiasco, now it's very glitchy - won't load, delay in loading, shutoff mid-song etc ; just overall very unreliable.",1,2026-06-28T13:24:24-07:00,9.1.60
14238210819,Jim b lotta,No title,I loveee music,5,2026-06-28T13:19:57-07:00,9.1.60
14238210024,guhdude250,Good app,Good music,5,2026-06-28T13:19:40-07:00,9.1.60
14238209409,Bsc0epb,Great way to stream music,"Love the app and since the addition of DJ X, it has got even better. Love the interface and the way DJ X works.",5,2026-06-28T13:19:27-07:00,9.1.60
14238199496,Wyatt Johns,It's okay..,I'm tryna listen to the transitions in HADES but the ads literally ruin it,3,2026-06-28T13:15:57-07:00,9.1.60
14238196554,Gee guapo,greatness,love it,5,2026-06-28T13:14:55-07:00,9.1.60
14238192943,Miss Lean knight,It’s good,I love the app and I recommend it but you need to buy premium just to skip more than 6 times (From what I remember I’m not sure the exact number) plus you can’t go back on a song either. I also noticed that if I looked up a specific song it doesn’t play the song right away it plays a playlist so you have to use your skips to get to that song. Also even in a personalized playlist it still shuffles the songs meaning you’re not able to hear the songs in the order you put them in. BUT I have none of these problems when I’m on a computer!      Edit: It’s so aggravating that I can’t click “out of order” and then I also run outta skips. So now I have to listen to songs that are tendon at moods or random songs I don’t know or like. Then a lot of songs you can’t even find in here. SoundCloud don’t do all this. Why do y’all ask for premium when y’all ads is long asl. You’re greedy atp lock in.,4,2026-06-28T13:13:38-07:00,9.1.60
14238182061,kylee sandoval,idk,i love thins app sm get it,5,2026-06-28T13:09:52-07:00,9.1.60
14238174532,Spotify the inconvenience,Annoying app,Designed to piss you off without premium,1,2026-06-28T13:07:14-07:00,9.1.60
14238170222,tunadiver1971,Family Plan,"Our entire family enjoys the fact we
Can all share our playlist when we
Get
Bored of our own.",5,2026-06-28T13:05:45-07:00,9.1.60
14238167632,be on ejh,💨,👌👌👌👌,5,2026-06-28T13:04:50-07:00,9.1.60
14238166185,Hiiiiiiiiii Caleb,Cool,I love it because there’s barely any ads and it’s basically a upgrade of YouTube❤️,5,2026-06-28T13:04:20-07:00,9.1.60
14238158157,Unknown Anthony,3 months free,It keeps on taking away my 3 month free subscription,1,2026-06-28T13:01:32-07:00,9.1.60
14238152098,Dan *********,⭐️⭐️⭐️⭐️,Amazing app just wish that non premium people didn’t have so many adds and could pick songs more and have the DJ but I love Spotify premium so much better,4,2026-06-28T12:59:26-07:00,9.1.60
14238151186,Hapgolkee,-,Too many interruptions,3,2026-06-28T12:59:07-07:00,9.1.60
14238149213,W.i.a.m,Love it,It’s in introduced me to so many new songs that I would’ve never heard of with out it I love it so much.,5,2026-06-28T12:58:24-07:00,9.1.60
14238147887,KindleKrunch,"Spam app, hate that it automatically turns on without me opening it, drives me nuts!","This app acts like spam. I absolutely hate that it automatically turns on and starts playing without me even opening it. Every time I get into my car, it just forces itself on, and sometimes it just randomly starts playing out of nowhere when I'm not even driving! It drives me nuts. I know this is a programming choice, but it's terrible user experience. It’s totally fine if I choose to open it, but stop launching it when I didn't ask you to. Fix this!",1,2026-06-28T12:57:56-07:00,9.1.60
14238146922,Janice Preacher,Getting too greedy,Spotify was great until they play ads literally nonstop. In the middle of a song?! Come on now.,1,2026-06-28T12:57:36-07:00,9.1.60
14238145082,Druplusbambi,Bugs,"I couldn’t find where to report a bug so ima give it a one star but I have premium and I can’t chose the song that I want to play once I scroll down my playlist which is aggravating because I’ve tried to reset my phone and checked for updates and it won’t play not only that but once I select a genre to listen to in liked songs it puts mixed genres like for example I put rock and it plays Deftones to sexxy red cmon Spotify🤦🏽‍♂️ 


Another thing id like to say i have a 70Hr playlist and have it on shuffle all the time but its like i hear the same shuffle Well i literally do EVEN ON DJ it happend twice on Dj Like what😭",1,2026-06-28T12:56:58-07:00,9.1.60
14238141040,degbfawynogfrjnbxarhmcaomydhnb,Music,I like it cause I hate Apple Music and bc Spotify is better,5,2026-06-28T12:55:35-07:00,9.1.60
14238132864,lallaa2345,wow,So good!!,5,2026-06-28T12:52:45-07:00,9.1.60
14238103973,Mrs Stoned,Shuffle,"I have a ton of songs on my playlist, but it doesn’t shuffle through all the songs",2,2026-06-28T12:42:46-07:00,9.1.60
14238098735,UnseriousGoose,You know the reputation,"To put it mildly, Spotify is the worst deal for musicians in history, but an offer they have no choice to refuse.",1,2026-06-28T12:40:58-07:00,9.1.60
14238089197,Stinky bo bo,Five stars so people can see this!,"Spotify is a pretty decent app, but of course it has its cons. 1. it’s crazy how y’all PUT LYRICS LIMITS SO PEOPLE CAN BUY PREMIUM SO THEY CAN LOOK AT THE LYRICS, 2. 30 minutes without ads isn’t a lot if you think about it, 3. Why y’all give me ads as SOON as I get onto the app and click a song and give me an ad every 30 seconds (not a joke, that actually happens🥀) on a podcast episode? 4. Why do you shut down all of the good podcasts when they get high ratings, or just the podcasts that aren’t monetized?  5. There should really be a explicit limit, there is so many podcasts and episodes that are so lewd and disgusting. If you do put an explicit limit PLEASE actually MODERATE IT because if you just use ai moderation everything that doesn’t go against the rules is going to get shut down and the pornography podcasts will stay up. Overall, I give this app 4 stars,I hope you and your company take my advice and make some changes to the app to make it better and stop being greedy :P",5,2026-06-28T12:37:46-07:00,9.1.60
14238085926,Rufus117,Love it but….,"Ok, so I love it so much. But the only problem I have with it is that you have to be pro to get a good experience. When I put on my playlist it skips around the playlist and sometimes puts on songs from the same artist or show but not the one I want. There are also sooooo many adds. But overall a great app",4,2026-06-28T12:36:36-07:00,9.1.60
14238085671,ShesLostCntrl,I LOVE,No adds if you pay it’s just I can open the lol podcast but that might be me,5,2026-06-28T12:36:30-07:00,9.1.60
14238084096,Learning from the best,The best,Just simply the best app for streaming music,5,2026-06-28T12:35:57-07:00,9.1.60
14238079014,Lul cjay,It’s good but,Can I please get free premium pleaseeee,4,2026-06-28T12:34:13-07:00,9.1.60
14238075892,I’mScaredOfWomen777,Orange juice,I like music :),5,2026-06-28T12:33:09-07:00,9.1.60
14238064705,Randomdudw19002,Hi,Very cool 5star,3,2026-06-28T12:29:23-07:00,9.1.60
14238059853,Shaina Rachel Aronow,Love yalll,TYH BOYS,5,2026-06-28T12:27:44-07:00,9.1.60
14238054248,Genn1910,Love youuuu Spotify 🫶🏽💚,Please give me moreeee of you 💟✨,5,2026-06-28T12:25:53-07:00,9.1.60
14238030740,Woah it’s me,Ads,It does give high quality music but treats you like trash if you don’t have premium. I can’t even go 1-2 songs without a two minute ad,2,2026-06-28T12:18:02-07:00,9.1.60
14238019818,Hansolo5800,Don't want to pay for premium,"It's peculiar how the 'Ads' will play perfectly, but when I try and play a song  this app seems to struggle.",1,2026-06-28T12:14:22-07:00,9.1.60
14238016571,fjfjehehfjdijwhwdjfkf,Pretty good,Plays songs too much ads,5,2026-06-28T12:13:15-07:00,9.1.60
14238015452,Prip_41,Yes,It’s amazing,5,2026-06-28T12:12:54-07:00,9.1.60
14238005845,The greatest the best awesome,Really like the app,It’s my favorite app,5,2026-06-28T12:09:41-07:00,9.1.60
14237999399,purpleluvbutt,Use to be good,The algorithm is so bad now. You will not find anything but repeats or old  stuff. Nothing new especially podcast.  The OVERUSED .,3,2026-06-28T12:07:30-07:00,9.1.60
14237995159,"From err ESA ez244;44},,,? Uh",I don’t know guyuis intuitive,Wwww see if,5,2026-06-28T12:06:05-07:00,9.1.60
14237984370,DDplay2222real,Super duper niche,I love boywithuke so much😩💦💦💦,5,2026-06-28T12:02:32-07:00,9.1.60
14237977999,Mickeymouse3789,Too many ads,Too many ads if you don’t have premium.,3,2026-06-28T12:00:27-07:00,9.1.60
14237976575,imma a step ladder,to many ads,me and my friend are experiencing similar inconveniences so we both have iPhones and we both have iPads and Spotify doesn't really work very well on either of our iPhones like we can't skip music. We can't pick our own music. There's too many ads. It adds songs to our playlist that we don't want on there but it works just fine on both of our iPads so yeah it's just but not phones so we're just kind of annoyed,2,2026-06-28T11:59:59-07:00,9.1.60
14237967411,I am tuff tuff tuff tuff,Tuff,"It is great, love Micheal Jackson",5,2026-06-28T11:56:55-07:00,9.1.60
14237959918,It good guy2,It good,It good,5,2026-06-28T11:54:27-07:00,9.1.60
14237959360,skibididemolisher69,Beautiful,Most beautiful app ever created,5,2026-06-28T11:54:16-07:00,9.1.60
14237958576,Love forsaken on Roblox,Gooner,Love it,5,2026-06-28T11:54:01-07:00,9.1.60
14237951733,Hthggghiggh,I want to love it but I'm not quite there,"Spotify is fantastic overall, but it does a couple of things that also occur on other podcast apps and these things drive me bananas. I don't know why they all want to do these things. First, when I'm listening to a podcast, then I want to go to the following episode in that same podcast when that episode is over. I can't stand being immersed in an episode and getting to the end and then all of a sudden I'm slammed into an entirely different podcast that I've never heard of and have no interest in. It's like facing a dystopian alternate 
reality. I know there's a way to change that in settings, but that's a pain, and the next episode in the series should be the default. Second, I hate when I've got 15 minutes or 30 minutes or an hour and 57 minutes left in the podcast I'm listening to and Spotify decides that it's time to go to the next episode. Sometimes I can only listen to two or three minutes of a podcast at a time. Sometimes it takes me a couple of weeks to finish a single episode of a podcast. That doesn't mean that I don't want to finish it. Then I have to go through all the trouble of getting on my phone and going to my app and finding the episode that I haven't finished.",4,2026-06-28T11:51:47-07:00,9.1.60
14237949824,Perry Usher,I love it,I been Spotifying ever since it replaced Music Unlimited on the PS4. That was more than ten years ago and I love it even more after every single year. Dope af,5,2026-06-28T11:51:09-07:00,9.1.60
14237946364,Emmalyse ghjbavq,I LOVE SPOTIFY,I LOVE SPOTIFY!,5,2026-06-28T11:50:02-07:00,9.1.60
14237933068,MikeFerris,Love the playlist,Love the options for multiple playlist and custom playlist sent to me,5,2026-06-28T11:45:38-07:00,9.1.60
14237915999,Katsuki and Izuku,J,Amazing,5,2026-06-28T11:40:09-07:00,9.1.60
14237906169,Jocyffff,Good,Good,5,2026-06-28T11:36:54-07:00,9.1.60
14237901443,Zunipty,Recomendaciones,Buenas recomendaciones y amo el radio,5,2026-06-28T11:35:23-07:00,9.1.60
14237899301,A5thwardbaby,my why,"it would have 5 stars if it
had no ads",3,2026-06-28T11:34:39-07:00,9.1.60
14237896678,jmiller1991,I love these,I cannot get enough of these  stories!,5,2026-06-28T11:33:50-07:00,9.1.60
14237891544,DaBiggestBirb,"I like the app, but…",I’m baffled as to why you cannot rewind songs or go back in a playlist without having premium. I feel as though that should be a feature by default? the app is fine otherwise.,3,2026-06-28T11:32:11-07:00,9.1.60
14237887896,Username : Iamanoob28,Best app,"I love Spotify. No adds. Simple to use. Just like my review, it’s good. Do not consider getting a different music app. Its perfect.",5,2026-06-28T11:31:00-07:00,9.1.60
14237858983,M@TtyG$,Good music,Spotify got the best music but it nails you in the head when your premium runs out 🥴✌️,5,2026-06-28T11:21:33-07:00,9.1.60
14237852861,Kaylee loves Spotify,I love this app,"I like it because it very good and you can even watch videos which is very cool I never had a app like this. I think it’s the best music app guys. If you wanna hear music, you should get Spotify.
Right now",5,2026-06-28T11:19:32-07:00,9.1.60
14237848849,Alyna Wolk,Review,Spotify is so good! I didn’t have any ads the whole time I used it!,5,2026-06-28T11:18:13-07:00,9.1.60
14237832257,1544C14,YESHUA,YESHUA loves you all,5,2026-06-28T11:12:54-07:00,9.1.60
14237832099,Educated?,No AI Slop - Recommendations magnificent!,And that's it! No AI Slop - Recommendations magnificent!,5,2026-06-28T11:12:51-07:00,9.1.60
14237824114,Lil Timmy 2013,Good music,It is w good apps and it has lots a varieties of songs,5,2026-06-28T11:10:17-07:00,9.1.60
14237815481,.A.b.e.,The best,Amazing better than Apple Music in my opinion.,5,2026-06-28T11:07:33-07:00,9.1.60
14237784966,.lay.whatever.,My review,Okay the only bad thing is adds and skips. But I love this app it’s so amazing.,4,2026-06-28T10:57:49-07:00,9.1.60
14237765761,Willie Staxx,🔥🔥🔥,I Love Spotify,5,2026-06-28T10:51:36-07:00,9.1.60
14237765275,My TikTok experiences,I love it,I absolutely love Spotify and I love that you don’t have to pay for it.  And honestly I don’t think sitting and waiting for the ads for like 5 seconds to a minute or two isn’t that bad and I like that Spotify doesn’t advertise their premium or anything you have to pay for on there every time you open the app. Anyways Jesus loves you and so does Spotify.,5,2026-06-28T10:51:27-07:00,9.1.60
14237752719,Lawley Ella 2114,.,I like it.,5,2026-06-28T10:47:28-07:00,9.1.60
14237739892,Brinsona92,😐,😐,5,2026-06-28T10:43:23-07:00,9.1.60
14237739029,Drawn ￼,The best,Has all music,5,2026-06-28T10:43:07-07:00,9.1.60
14237720871,4Ever SCAM on you,Spotify,Spotify is awesome I can listen to all my favorite songs,5,2026-06-28T10:37:25-07:00,9.1.60
14237718348,GBC2783,Ads,I love this app it’s just way to many ads but I love how they are short but they pop up way to often,4,2026-06-28T10:36:37-07:00,9.1.60
14237716470,Dylan 😜,Love the app,Very good music and podcasts!,5,2026-06-28T10:36:02-07:00,9.1.60
14237709494,krigsbee1234,AI Incorporated into a otherwise perfect app,"Spotify is the best music streaming app by far, but the incorporation in AI has made it disgusting slop.",2,2026-06-28T10:33:51-07:00,9.1.60
14237705828,honest game rater🩷,Love Spotify but…,"Look this app is great but 4-5 ads after 2-3 songs is not it, it makes me want to just stop using this app overall and I love music but this is making me not want to listen to it😕😕",3,2026-06-28T10:32:43-07:00,9.1.60
14237697601,Awesome and good￼,Ultra music look up,This app is perfect if you want to find music for your movies or if you just wanna listen to music it’s got all kinds of music has lots of cool features and just as amazing i’m Iron Man destruction@2122 and I approve this message,5,2026-06-28T10:30:07-07:00,9.1.60
14237663958,fatking of milk,Pay to win,Really really bad if you are not using Spotify premium but if you are it’s pretty fine I’m sure there are much better apps out there,3,2026-06-28T10:19:44-07:00,9.1.60
14237639423,Alain Khalasti,#1,u already kno,5,2026-06-28T10:12:06-07:00,9.1.60
14237633894,puppy55216,ads,way to many ads its crazy,3,2026-06-28T10:10:24-07:00,9.1.60
14237612733,Rozie Kensic,Alice-DJ,She’s Great,5,2026-06-28T10:04:00-07:00,9.1.60
14237602411,Someone’s river,Best,This is the best music app everrrrrrr,5,2026-06-28T10:00:56-07:00,9.1.60
14237597846,Masonmolina,SPOTIFY,5 STARS OF COURSE IN MY OPINION IS THE BEST MUSIC APP EVERRRRRRR,5,2026-06-28T09:59:34-07:00,9.1.60
14237583322,Trengal214,Love it.,"Lost the app when I got a new phone, redownloaded it and it saved everything every liked song everything. Listening to the old playlist Bringing me back to life like I was when I was younger.",5,2026-06-28T09:55:10-07:00,9.1.60
14237577903,shelaghk,Love ease of use,Great resource!,4,2026-06-28T09:53:33-07:00,9.1.60
14237570789,its#Giulio,Bad app,It is so badly organised full of ads and bad offers do not get !!!,1,2026-06-28T09:51:25-07:00,9.1.60
14237563564,Granny43Js,BACK TO STAY. Tried another platform briefly but I am back to stay.  Spotify is easier to navigate.,I find it difficult to manipulate my playlist.,5,2026-06-28T09:49:14-07:00,9.1.60
14237544920,Calmteddybear,Music lover,I love listening to music and dance to it this is why I use it everyday,5,2026-06-28T09:43:40-07:00,9.1.60
14237533718,Delilah👑,Best music EVER,Played the best music when I was sad and just gets me so well,5,2026-06-28T09:40:23-07:00,9.1.60
14237524948,Mgschultz,Musica,I like da musicah,5,2026-06-28T09:37:48-07:00,9.1.60
14237522530,MRZROCKS,Bug,After leatest update spotify always in the offiline. Please fix this issue.,4,2026-06-28T09:37:06-07:00,9.1.60
14237522018,mnbnswbhw whahas,1/5,"Horrible unless u have premium. So much ads, limited amount of skips, you cannot pick the order of your songs, etc. It truly does suck unless you have premiun.",1,2026-06-28T09:36:58-07:00,9.1.60
14237514451,Wyatt McKenzie,The best!,I don’t care about the answer what all my favorite music is on here and it’s so fun like I always listen to it and I play games with it,5,2026-06-28T09:34:45-07:00,9.1.60
14237498094,dhanukakb,Price is getting steep when I can get apple music for free with my card,Price is getting steep when I can get apple music for free with my card,4,2026-06-28T09:30:02-07:00,9.1.60
14237493751,Sjenkshdmdkhrm,Jhhg,I lov how many songs it has even old songs,5,2026-06-28T09:28:45-07:00,9.1.60
14237468500,S1lly4li3n!,:3,Awesome sauce,5,2026-06-28T09:21:33-07:00,9.1.60
14237467734,jeffy7472,Advertisements,I know I have free Spotify but there is still a lot of advertisements.,5,2026-06-28T09:21:20-07:00,9.1.60
14237407201,Kselesy,One thing mom,Review your  kesl business,5,2026-06-28T09:03:46-07:00,9.1.60
14237399946,J10 ivan,Songs picking,I love it very much but i want to pick out the songs without having to worry about the app saying pay for picking songs,4,2026-06-28T09:01:40-07:00,9.1.60
14237386843,WeezerPig11,awesome app IF PREMIUM,"so let me start of by saying that spotify premium is one of the best gifts ive ever gotten. im a huge music fan and musician who spends lots of time listening to albums, playlists, and more. spotify premium gives you access to everything when you want it and where you want it. but sadly the free version sucks, and they barely pay artists which is kinda destroying the music business. so spotify is good as a music fan but not as a musician which i am both so its a love hate relationship. but seriously i could not survive without spotify love the app overall. also KNICKS IN 5!!!!!!",4,2026-06-28T08:57:50-07:00,9.1.60
14237382001,سـجــو,؟,"When I want to log in to DJ, it doesn't accept, but it's nice",5,2026-06-28T08:56:28-07:00,9.1.60
14237356673,Rob Laub,Love this app,"A++, I love love my Spotify.",5,2026-06-28T08:49:02-07:00,9.1.60
14237355774,Nlandrum01,Tool Rocks,"I can use this app to
Listen to tool therefore this app rocks",5,2026-06-28T08:48:46-07:00,9.1.60
14237344506,hhnxfntshbugjed,broken,doesn’t work full service and wifi,1,2026-06-28T08:45:27-07:00,9.1.60
14237343933,Smiller258,It's good I like it,Very yes 👍🏻,5,2026-06-28T08:45:18-07:00,9.1.60
14237342486,Pepe12(3,Mala,Por qué no me permite colocar cualquier música que quiero llega a un punto que se me bloquea,1,2026-06-28T08:44:54-07:00,9.1.60
14237329933,Jose angel Vargas Ramirez,Heheheehehhehe,Hahaha,5,2026-06-28T08:41:15-07:00,9.1.60
14237329199,Nothingbeatsajet2holidayvomit,It was w,I got to listen to let it grow let it grow you dont teap what you dont sowww plant a seed inside the earth just one day to know its worth,5,2026-06-28T08:41:02-07:00,9.1.60
14237319843,Liyah Vo,It’s ok..,I have to listen to ads every song and 6 skips and I can’t even choose the song I want to listen to..,3,2026-06-28T08:38:26-07:00,9.1.60
14237319090,My life in a natshell,The best app u will ever own 💕,It makes my toes tingle I love it so much 🫰🫰🫰,5,2026-06-28T08:38:12-07:00,9.1.60
14237284382,XD pineapple,Love it,Great,5,2026-06-28T08:28:11-07:00,9.1.60
14237263890,isa gherman,Playerdjcat,Life .,5,2026-06-28T08:22:21-07:00,9.1.60
14237263830,Lyric Interface sucks,"Great, but…",Can we update the lyrics interface? Seems dated. That’s the only reason why I keep Apple Music around.,4,2026-06-28T08:22:20-07:00,9.1.60
14237246360,SKI0066,Very happy!,The only complaint I have is that the random # generator that Spotify uses gets stuck on the same group of songs.  You have to select something different on your playlist then come back  to the playlist you were originally listening to to get different songs.,4,2026-06-28T08:17:20-07:00,9.1.60
14237244066,galeoncali,Mi Música,Espectacular!!,5,2026-06-28T08:16:41-07:00,9.1.60
14237234735,bleach fan lover,A little silly,"Good song suggestions based off music taste, yes… but the free subscription is ridiculous… 6 skips per hour… add every 3 songs or so… an automatic shuffle to similar songs of the ones you’re listening to when you play songs outside of your playlist… it’s just a little dumb.",2,2026-06-28T08:14:01-07:00,9.1.60
14237225384,……………looser,Pezz dispenser,Pew,1,2026-06-28T08:11:20-07:00,9.1.60
14237222387,ARRUDA4811,Músicas,Aplicativo excelente,5,2026-06-28T08:10:29-07:00,9.1.60
14237213836,Coverstar bugs,Best time ever,So relaxing on my road trip,5,2026-06-28T08:07:59-07:00,9.1.60
14237175752,MoeAM6,To many Ads,"I get that it’s free the app/music selection is good but there’s way too many ads. Also maybe out in an auto lower volume during ads, music blaring is one thing but then the ad comes up and just sounds weird it doesn’t need to be screaming at you like music. I probably wouldn’t mind the ads as much if the volume was auto adjusted on them.",2,2026-06-28T07:57:12-07:00,9.1.60
14237174894,🇺🇸🇺🇸🇺🇸🇺🇸💀💀💀💀💪😂💕,I love this app,I love how when you go to another app it’s still playing,5,2026-06-28T07:56:57-07:00,9.1.60
14237174381,rfreddy89,Spotify,Really easy to find songs you like! 5 stars.,5,2026-06-28T07:56:48-07:00,9.1.60
14237163923,Ladycoleman64,Love Spotify,Spotify is Awesome!!!,5,2026-06-28T07:53:52-07:00,9.1.60
14237152315,Murphy’s law 09,Somehow,"It’s impossible to use the free version, it’s 2 minute ads, you can’t choose what song you want to listen to, you can’t even choose what album.",1,2026-06-28T07:50:34-07:00,9.1.60
14237146190,AvrPotater,I LOVE LOVE LOVE SPOTIFYYY,love spotify sm if you want good quality music get spotify!,5,2026-06-28T07:48:49-07:00,9.1.60
14237133812,Jenna 😂😊🌺,Too expensive,Too expensive,2,2026-06-28T07:45:15-07:00,9.1.60
14237128677,Braxton.H,Spotify is the best,I like this songs that I know that I love,5,2026-06-28T07:43:46-07:00,9.1.60
14237126803,Pharmtechboy20,Keep God first God Bless!,Keep God first God Bless!,5,2026-06-28T07:43:15-07:00,9.1.60
14237114972,Hd Bad He,Fermìn,Cuarenta,5,2026-06-28T07:39:55-07:00,9.1.60
14237093743,Richh73,Home Screen options,If I pay for the service I should be able to customize what content is displayed or remove content I don’t want displayed. I listened to one episode of a podcast and now I can’t get rid of it.,1,2026-06-28T07:33:58-07:00,9.1.60
14237071074,Jdjxjiekwoa,Great app,Great app but the adds and how you have to buy a subscription is annoying,5,2026-06-28T07:27:29-07:00,9.1.60
14237052092,5 $tars!,Spotifyyy,You can find everything you need to on here and it’s just amazing!!,5,2026-06-28T07:22:03-07:00,9.1.60
14237052029,cherub139,Shuffle,"I love Spotify, the one thing that needs work though is that shuffle ends up playing the same songs after a little bit instead of going through the whole list.",4,2026-06-28T07:22:02-07:00,9.1.60
14237051934,256 victor,Gooooooooooooood,Like it,2,2026-06-28T07:22:01-07:00,9.1.60
14237048552,JESpain14,The DJ app is on point!!,Really enjoying the variety and songs that DJ recommends on the Spotify app! The algorithm always puts together great mixes!!! Highly recommend 👊🏻💪🏻👍🏻👍🏻,5,2026-06-28T07:21:01-07:00,9.1.60
14237035286,BellNoelM,Ads,I love this app and happy with it but there is just to many ads. Yes there’s a subscription option but it costs money and I don’t have that kind of money but having 4 ads every 15-20 mins is a little annoying but that’s all I have to say still a great app!,4,2026-06-28T07:17:12-07:00,9.1.60
14237016835,twymango,Pay artists,"The fact that musicians don’t get paid for music is trash , delete",1,2026-06-28T07:11:56-07:00,9.1.60
14237014992,goofy mc nugget,best app ever,BEST APP OAT,5,2026-06-28T07:11:25-07:00,9.1.60
14237013317,Tillie😜,Ads,I hate them 🙄,5,2026-06-28T07:10:57-07:00,9.1.60
14237008533,AJUICE$$,Update shuffle,Need to update a better shuffle! Replays same songs over!,3,2026-06-28T07:09:35-07:00,9.1.60
14236995537,Girlypops234,Best music app,Definitely the best music app,5,2026-06-28T07:05:50-07:00,9.1.60
14236989944,SilentTae,Silent Tae,Juice WRLD 🪐,5,2026-06-28T07:04:11-07:00,9.1.60
14236987318,Yo mommas booty,Ads (I like femboys),"Too many ads, also only six skips and hour is crazy THEY KEEP ADDING MORE ADS, STOP also I clicked on Ayesha and it didnt play any of her songs for a whole hour",1,2026-06-28T07:03:27-07:00,9.1.60
14236905272,Heart it harder,Lori,"Want the app but it won’t let me in to much security
 in fo Spotify pls fix",2,2026-06-28T06:39:43-07:00,9.1.60
14236904571,Savannah88!,💖💖,BEST APP EVER!!!,5,2026-06-28T06:39:31-07:00,9.1.60
14236894811,PimpC23,Spotify is the 🐐,Best music streaming app,5,2026-06-28T06:36:36-07:00,9.1.60
14236864961,charrrrrrr😜,I LOVE SPOTIFY,I LOVE SPOTIFY WITH MY WHOLE LIFEEEEEEEEEEE U HAVE TO GET IT ITS AMAZINGG!🥰💕💘❤️,5,2026-06-28T06:27:46-07:00,9.1.60
14236847353,Rob S 513,Best of the best,No music streaming service competes,5,2026-06-28T06:22:33-07:00,9.1.60
14236817749,geewhiz67,Best of the best,Best music application in the world do not buy any other. They’re all nonsense. Take my word.,5,2026-06-28T06:13:35-07:00,9.1.60
14236795640,Starproxy,Smart shuffle is the worst,"Everything is good except smart shuffle. I’m a free user so it gives me a “taste of premium” by turning on smart shuffle with no way of me turning it off. I have my 9 hour playlist with songs I like, I don’t want to listen to songs AI thinks I want to listen to",4,2026-06-28T06:06:56-07:00,9.1.60
14236776584,Brenlee Pepin,My review,It’s really cool to pick my favorite songs and not have to buy to skip the songs! I really enjoy listening to Spotify!,4,2026-06-28T06:01:09-07:00,9.1.60
14236750257,sammy65497,Thankful,"This app just.. wow. (in an amazing way). It’s cheap, it gives me allll my music and podcasts i wanna listen to. Music plays a huge role in my life, and i can find anything i want on ONE app?? plus i can download playlists and podcasts, etc. I am very thankful for this app. Well done Spotify❤️👌",5,2026-06-28T05:53:03-07:00,9.1.60
14236740230,A kid who lives music,Why Spotify is amazing,Spotify has everything from audio books to all kinds of music it has everything and if you have the paid plan it is even better,5,2026-06-28T05:49:55-07:00,9.1.60
14236673248,drewmichale,Love it,I’ve stopped talking to girls bc they didn’t use Spotify. It’s the goat,5,2026-06-28T05:28:53-07:00,9.1.60
14236659869,Sir D of the oblong table,I need this,"Spotify, In one word; YES. I need this app, like music related apps are a yes always. A good artist to start off is The Stupendium  because his music is amazing.",5,2026-06-28T05:24:34-07:00,9.1.60
14236651383,El._.mexicanoblanco,Pretty good or ok at best if you dont pay,"Spotify is great but only if you pay for it so its not perfect, music is art and should be free to be listened too without interruption and having to deal with work, school, kids, coworkers, classmates, dumb bosses, and being too poor to afford to enjoy life outside of those things without having to pay to be add free to the music they so wanna enjoy after living a day in a soul crushing world, cant free music be the bare minimum if not free food free housing or free health can we at least have our music. 


(Still paying for premium cuz ads are ridiculous but i am not happy about it)",4,2026-06-28T05:21:53-07:00,9.1.60
14236566119,AMatzke,Supporters of genocide,"What else is there to say? Spotify exploits artists, tries to push AI slop, and supports genocide. It’s gross.",1,2026-06-28T04:53:37-07:00,9.1.60
14236566021,Evelynrosepearson,Price,Too much money just to un shuffle a playlist,2,2026-06-28T04:53:35-07:00,9.1.60
14236551080,Sound 1234,Updates,"Updates have been causing app functionality issues, there are no longer song times on playlist.",1,2026-06-28T04:48:31-07:00,9.1.60
14236488941,Delee526,Best Music App,"I can’t go about my day without Spotify, it’s helped me get through some tough times and Premium is a must",5,2026-06-28T04:26:54-07:00,9.1.60
14236420123,Yordani/Best gamer,It the best,I love Spotify and it one of the best apps ever. Spotify if you read this keep it up ❤️❤️❤️love it keep up the smartness ❤️❤️✌️,5,2026-06-28T04:02:06-07:00,9.1.60
14236371377,Uncaronincheese,Disco ball,Been with Spotify for like 4 years now bring back the disco ball idc what anyone says that was a gas logo,5,2026-06-28T03:44:11-07:00,9.1.60
14236328680,Bozingwa,I love Spotify,Especially the gbedu playlist and others. As a music lover nothing beats Spotify,4,2026-06-28T03:28:07-07:00,9.1.60
14236271857,Maddox14v,H,"Best on the market.
Even without premium",5,2026-06-28T03:06:19-07:00,9.1.60
14236152820,Музыку хорошо слушать,Музыка,Очень хорошее приложение!,5,2026-06-28T02:20:00-07:00,9.1.60
14236083864,Wxchiii1k,Lo mejor,Mejor que youtube,5,2026-06-28T01:53:06-07:00,9.1.60
14236079196,Mood12234,Best app ever,The best,5,2026-06-28T01:51:15-07:00,9.1.60
14236044763,Tristan_hamm18,My favorite,My favorite app on my phone I got over 4000 songs and still adding more everyday,5,2026-06-28T01:37:43-07:00,9.1.60
14236008370,Rayanreviews,Spamming the subscription ad have definitely made me not willing to subscribe,For that I prefer YouTube music,1,2026-06-28T01:23:29-07:00,9.1.60
14236001617,Gia Amora,Ok,Good,5,2026-06-28T01:20:50-07:00,9.1.60
14235982850,Genesis money,Great platform,Should make payments easier not just bank card mobile money apple pay ans other payments options,5,2026-06-28T01:13:32-07:00,9.1.60
14235940476,Jaelin2003,My name is Jaelin,I’ve had Spotify since 2019 I love them  great service no complaints,5,2026-06-28T00:56:53-07:00,9.1.60
14235937466,kittiethecat,Custom Equalizer Presets,"Love the app, I have the premium plan, but not-so premium headphones. I like to mess with the equalizer settings to make sure what i’m listening to sounds the best it can. However, I listen to a lot of different kinds of music, and one EQ setting does not fit all. I was wondering if you guys could add the ability to set custom EQ presets, so people like me could just tap whichever one best fit the genre we were currently listening to. It would be a dream. Thank you for considering!",4,2026-06-28T00:55:39-07:00,9.1.60
14235909992,Scarlett five,Love this app,I love this app but if you can make everything free,5,2026-06-28T00:44:38-07:00,9.1.60
14235861638,ScytheHI,S,My whole existence,5,2026-06-28T00:25:42-07:00,9.1.60
14235845171,𝓘𝓱𝓪𝓿𝓮𝓪𝓫𝓵𝓾𝓮𝓱𝓸𝓾𝓼𝓮,I LOVE THIS,5,5,2026-06-28T00:19:07-07:00,9.1.60
14235837429,feriviarium,Too many ads and no loop option,It plays an ad too frequently and I can’t loop it maybe it’s because I don’t know where to look but nonetheless it isn’t clear,2,2026-06-28T00:16:01-07:00,9.1.60
14235816343,LuBrockme,Adds,The adds on music is not bad put on podcasts it is pretty frequent,4,2026-06-28T00:07:28-07:00,9.1.60
14235790873,Random cumming,E,E,5,2026-06-27T23:57:14-07:00,9.1.60
14235773688,Albacore Sniffle,Everything is there,"Every song I want is there and it’s great. I wish there were certain permanent settings you could use to improve the ai dj, but it’s really good for all sorts of things related to music or videos",5,2026-06-27T23:50:16-07:00,9.1.60
14235767260,Bryce’s best review,My review,It is a fantastic app you can make playlist and all kinds of things.You can listen to different genres of music. There is some adds but you can but a pack and it will get rid of them.,5,2026-06-27T23:47:45-07:00,9.1.60
14235754463,Eliluvsmefr,Uh yeah,Spotify my bae frr I love you Spotify 😭,5,2026-06-27T23:42:29-07:00,9.1.60
14235651728,Carlotta Atchley,Carlotta Atchley,"Great free music with Student Discount, Walmart and Sam’s Plus",5,2026-06-27T23:01:08-07:00,9.1.60
14235642401,Адам о,Password removal! I’m deleting the application!,The company constantly deletes my password! Me and all my friends are going back to ituns! Spots 👎👎👎,1,2026-06-27T22:57:20-07:00,9.1.60
14235632193,buns pink eye story,music,has bin there through my highs and lows,5,2026-06-27T22:53:06-07:00,9.1.60
14235631588,treelover898,Suggestion,Love Spotify. Wish it had a karaoke feature.,4,2026-06-27T22:52:50-07:00,9.1.60
14235628580,dab tab,So laggy nowadays,"If they didn’t take Musi off the App Store , I’ve been using Spotify since 2019 and it’s been lagging like crazy can’t even play a song that’s downloaded without it talking like 5 mins to load",2,2026-06-27T22:51:35-07:00,9.1.60
14235624531,I didnt want to do this part,I didn’t want to put a title but it made me,Has every song you could think of and a helpful AI to get the songs you can’t place out of your head,5,2026-06-27T22:49:53-07:00,9.1.60
14235612937,Eva C.,"Slower, but glad that Spotify isn’t advertising for ICE anymore","Spotify playback is really lagging: songs, artist profiles, playlists, and podcasts are all consistently loading much slower than they used to. For how much of a drag this is, I think premium subscriptions are overpriced. I’m very glad that Spotify ceased advertising ICE recruitment ads, because I boycotted Spotify as a result of that (and encouraged others to do the same!) Once Spotify stopped airing advertisements for ICE recruitment, I did return to the platform because I enjoy accessing my playlists and podcasts from the same app. That said, now that I’ve returned, user experience has diminished due to the slowness and decrease in playback quality. Also, I wish artists were paid fairly for their work!",3,2026-06-27T22:45:04-07:00,9.1.60
14235603681,¥aB0Y$torm,Excellent music,"Ads are a bit long, 6 skips can be annoying, but this is a great music app! I can play all the music I want, but despite the ads, this is the music app I use the most! 5 stars, would suggest!",5,2026-06-27T22:41:13-07:00,9.1.60
14235593571,Smurfy-Lee,My main app for music; still deciding if I like the audiobook feature,"My book I was reading was removed while I waited for my hours to be replenished. I just checked and it has been added back. The only issue is, now I do not know where I stopped because the book has been reset.",3,2026-06-27T22:36:59-07:00,9.1.60
14235584930,savvyk3nny,Reached My Limit,"I’ve been using Spotify since 2020 and used to love it. I used to be very adamant about never changing music apps, but I’m at my limit. 30 seconds used to be LONG for ad breaks, but now they’ve been reaching two minutes. I also used to be able to listen to 5-7 songs straight without ads, but now it’s more 3-4–5 if I’m REALLY lucky. 

Music is one of my biggest coping mechanisms, however I cant even have 15 minutes to myself without an ad. In fact, recently, they’ve changed it so ads will play right after the first song when you decide to start playing music. Not to mention the additional non-audio ads that pop up around the app as well. 

Now, the contents of these ads is another topic entirely. I’m not a purist by any means, but I really don’t enjoy hearing ads sampling a suggestive piece of a smutty audiobook, ESPECIALLY when I’m with family. 

If I hate the ads so much, why don’t I just buy premium? I used to, but then the price rose. And again, and again, and again. It is now THIRTEEN U.S. DOLLARS (fine, $12.99) for a single person. That is ridiculous. 

Additionally, the yearly music wraps have significantly decreased in quality. They used to be fun and accurate, but now parts are very obviously incorrect, nor do they seem to capture activity from the entire year. This is a big disappointment because, as someone who prides themself in listening to a wide range of genres, I loved seeing which ones I had explored each year. However, I began to see less appear in my “wraps” despite knowing very well I had listened to more. Whether it’s due to Spotify shrinking/simplifying genre groups or a lack of effort, I may never know, but it’s frustrating regardless.

Originally I had contemplated one star, but the fact that Spotify does offer a free listening experience grants it another. Nowadays it feels like you have to give an arm and a leg just for the bare minimum, but thankfully this wide range of music isn’t behind a paywall… just yet.",2,2026-06-27T22:33:24-07:00,9.1.60
14235582023,Bmcsteve,Horrible app,"It never loads and it forces me to delete the app and reload it just for it to crash when I’m playing music. I’m not joking,I’ve had a full wifi connection standing right next to my damn modem and the app still says “problem loading “I think Spotify doesn’t like me y’all. I just want to listen to country music!!!",1,2026-06-27T22:32:08-07:00,9.1.60
14235571218,Not so random guy,Wanna break from the ads?,So many ads about premium why not give it to me then?,4,2026-06-27T22:27:36-07:00,9.1.60
14235564065,cam cam lolss,Perfect.,I love every second on spotify,5,2026-06-27T22:24:40-07:00,9.1.60
14235559541,LetoElNińo🎧,MYBOT,LAV LEONARDO ANIBAL VILLANUEVA,5,2026-06-27T22:22:47-07:00,9.1.60
14235558604,ljb0215,I really love Spotify,I enjoy listening to Spotify every day.,5,2026-06-27T22:22:24-07:00,9.1.60
14235536693,MJFan4Real,Wonderful,"I love this app. I have it on my laptop & cell phone. Premium is worth it. It has a plethora of music, podcasts, & audiobooks.",5,2026-06-27T22:13:20-07:00,9.1.60
14235531632,Chess Bou,I love you Spotify,I love you,5,2026-06-27T22:11:15-07:00,9.1.60
14235516529,#KIDZBOPFan,Remove ALL Ads,"The ads I am getting (even on podcasts, not just music) are just annoying. You must remove all ads and just let me listen to my podcasts and music.",1,2026-06-27T22:04:58-07:00,9.1.60
14235496009,b-ball the he going,Guitarist,Just,5,2026-06-27T21:56:31-07:00,9.1.60
14235494518,Jerminator1,Yeah okay,I love Spotify it’s great mmmkay👍,5,2026-06-27T21:55:54-07:00,9.1.60
14235491715,Chimuelo221,Para Spotify me gusta mucho su servicio y sus grandes oportunidades sigan asin,Calidad precio un poco elevado pero vale la pena,5,2026-06-27T21:54:45-07:00,9.1.60
14235460758,hi mr hi 1234,Adds,Adds,3,2026-06-27T21:42:08-07:00,9.1.60
14235445671,olivianault,9/10,"this is one of the best music apps i’ve dowloded,and i’ve downloaded alot of music apps,tho there are cons,its most a great app! some of the cons are that you do have limited skips,and limited selection of songs. other than that,its mostly a great app! and you should defineitly download this app!",5,2026-06-27T21:36:10-07:00,9.1.60
14235409429,Trash………,1/5,Too many adds and always plays it in shuffle and gives me random songs,1,2026-06-27T21:22:03-07:00,9.1.60
14235397713,i like the old spotify,update,spotify has its moments when it comes with updates but this update they did for ipads… it’s a bit different. how we used to just swipe up now we have tap on the toggle to show the full picture of the music.,1,2026-06-27T21:17:22-07:00,9.1.60
14235391653,Crowhite91,Pretty good,Great things should be free lol,4,2026-06-27T21:14:58-07:00,9.1.60
14235371967,msmsks jsxmsksjss,the best,best music listening app btw,5,2026-06-27T21:07:06-07:00,9.1.60
14235364621,*.•hi•.*,AMAZING,love it sm,5,2026-06-27T21:04:12-07:00,9.1.60
14235355902,Sfghhdjje,Spotify,This app is very awesome. It allows me to listen to music with very few ads.,2,2026-06-27T21:00:52-07:00,9.1.60
14235343974,luluram998,SO GOOD !!✨💕 I love this app,It plays all the music I love. It has VARRY few adds and if there are adds they are all spaced out.eaven though I don’t have premium it’s still good.I love Spotify its my favorite app to listen to music on. If you’re thinking of getting it I highly recommend. I have no problem using it! 😁✨💕,5,2026-06-27T20:56:14-07:00,9.1.60
14235341781,HGOODY44,I fux wit Spotify,Thanks for being dope n shi. Making fire ahhhh play lists and knowing the vibes im ready to listen to all da time. I fux witcha fam,5,2026-06-27T20:55:23-07:00,9.1.60
14235327536,Bring Back Knuckles Chaotix,Horribly greedy,"You have to pay to literally skip songs, and the artists barely get any money out of it. If you want to support your favorite artists, buy their songs so you can listen ad free AND help them pay the bills.",1,2026-06-27T20:49:45-07:00,9.1.60
14235323616,nsaari,Adds🙄,Everything is good but the adds,4,2026-06-27T20:48:14-07:00,9.1.60
14235303235,2474468853778,I hate that yall support ice,You guys suck,1,2026-06-27T20:40:22-07:00,9.1.60
14235299461,Big__$g,Just get premium,"It’s worth a penny for unlimited listening music depend 12 bucks
💀🤷‍♂️💯",5,2026-06-27T20:38:56-07:00,9.1.60
14235297544,Spotify listener01,Love,Love Spotify best very,5,2026-06-27T20:38:12-07:00,9.1.60
14235291145,Kevin Analizinski,Good app,Good app lots of problems one of which being the god awful dj don’t even get me started and the shuffle system?? Oh boy other then that tho decent app id give it 3 stars 🙂,3,2026-06-27T20:35:44-07:00,9.1.60
14235290116,GoldenEmuluvsjesus,Best way to listen to music!!!,I have absolutely loved the amount of music that is available to me and the fact that I can easily search anything up! I’m constantly updated on new albums and upcoming concerts near me. I am also never let down by the playlists generated for me! Highly recommend!!!!!!,5,2026-06-27T20:35:20-07:00,9.1.60
14235284765,Yacob Schulte,Spotify,Decent app hopefully it stays that way,5,2026-06-27T20:33:15-07:00,9.1.60
14235270335,Luna light fury x toothless,I LOVE SOMBRS MUSIC,And I love his new single: my body isn’t ready it’s so GOOD,5,2026-06-27T20:27:46-07:00,9.1.60
14235243815,roblox! is fun and cool,🫡,Good music like music so good app so good music,5,2026-06-27T20:17:39-07:00,9.1.60
14235237900,Mhadz_,Good and BAD,Expensive,5,2026-06-27T20:15:25-07:00,9.1.60
14235217470,Infinite_The_Jackal8272,Калл,"Вы адекватные там сидите, люди просто хотят слушать треки оффлайн, скачать песню и слушать что хочется, а вы что делаете? ПРАВИЛЬНО! Подписки! Все это есть в базовых телефонных плеерах, а у вас видите ли это премиум функция, 6 треков можно у них пропустить. Дибильное приложение с дибильными условиями",1,2026-06-27T20:07:51-07:00,9.1.60
14235204267,Tu Tu sahur,The best,It just so good,5,2026-06-27T20:03:05-07:00,9.1.60
14235203160,#luvspotify,We <3 Spotify,"Solid app. I have a DJ, mix’s generated with music I’d like-new and old favorites, and no ads. 10/10 musical, artistic experience. Also they give you music videos, lyrics, some behind the cut info on the song from the artists and hooks me up with a radio of the songs I love the most. #spotify4life",5,2026-06-27T20:02:40-07:00,9.1.60
14235191977,"April 19, 2015",Do you recommend been playing this for 10 years?,Playing this when I was a 10 year-old amazing doable and it doesn’t force premium wonderful,5,2026-06-27T19:58:32-07:00,9.1.60
14235191905,Reviewpro_176,Expensive,"I love Spotify and how it has exclusive songs that Apple Music wouldn’t. 3 months for free is great, but 13$ a month after?! I don’t have money for that. and the ads are crazy without premium. They are literally every 5 minutes.",4,2026-06-27T19:58:31-07:00,9.1.60
14235179046,Sayaka miki #1 fan,Spotify is the best,Best app I use that I download,5,2026-06-27T19:53:52-07:00,9.1.60
14235170039,Bob36953,Sucks on ipad,This app constantly freezes and stops on an ipad. It is such a buzzkill when you start a song and it takes forever to start and when it finally does it starts and stops again several times!,1,2026-06-27T19:50:34-07:00,9.1.60
14235145032,Musica all,The best music app,It have everything u wanna hear,5,2026-06-27T19:41:20-07:00,9.1.60
14235136451,montcarpediem,Surreal,To have any music one touch away is impressive. Thank you so much Spotify,5,2026-06-27T19:38:13-07:00,9.1.60
14235134908,6124_-_4216,Buffering,Even my download music has to often pause to buffer while playing music.,3,2026-06-27T19:37:40-07:00,9.1.60
14235132132,milo_lovesboys,AMAZING,ilovespotify yummyyay,5,2026-06-27T19:36:41-07:00,9.1.60
14235131653,Dislike by mee,Stupid,I hate how when you don’t have premium you can’t adjust the music time,2,2026-06-27T19:36:31-07:00,9.1.60
14235128716,#Jesuslovesyou!!!,LOVE SPOTIFY,Love listening to worship music and jamming out to Spotify in the shower!!,5,2026-06-27T19:35:28-07:00,9.1.60
14235113542,AbrahamStinkin,Best one so far,Spotify is the best and the rest be trying to catch up fo sho. That’s what’s up…,5,2026-06-27T19:29:59-07:00,9.1.60
14235111841,Djnoteven,I love Spotify,I love Spotify and listening to music it really elevates my mood I would just say the Spotify premium prices should be lowered to 10$,5,2026-06-27T19:29:19-07:00,9.1.60
14235102572,Jerryeva laredo,Años,Tengo más de 10 años y ninguna promoción,5,2026-06-27T19:25:59-07:00,9.1.60
14235088163,"Night fury, M11",Love but not love,It’s really good but to many adds I listens to l e song and then there was an add it says free but you have to pay in reality,3,2026-06-27T19:20:53-07:00,9.1.60
14235084442,MD Cyrillian,High quality app,"Good app, i enjoy using it to listen to music on, it has a high quality ui, lots of stuff to pick from, lets you have the music playing with the app minimized on mobile, no ads, no bad marketing stuff, just pure music and fun.

The only thing i dislike is how it wont let you edit the recommendations and the history.

Overall very good app would recommend to anyone who likes music",4,2026-06-27T19:19:31-07:00,9.1.60
14235077757,TPPullant,poor connection,switches out of my bluetooth at wull,1,2026-06-27T19:17:08-07:00,9.1.60
14235074360,DocDrizzy,Siempre,💯😉😘,5,2026-06-27T19:15:55-07:00,9.1.60
14235074036,Di Kinballs,Bare bones,"God forbid I don’t want to pay for premium I can’t go back, I cant listen to more than 4 songs without the worlds longest ads bro. Barely better than YouTube music atp.",1,2026-06-27T19:15:49-07:00,9.1.60
14235070793,Hiasftc,Ads,Too many ads I can’t listen to a song without the ads being longer than the song,1,2026-06-27T19:14:39-07:00,9.1.60
14235068869,Schafer T,👍,👍,5,2026-06-27T19:13:58-07:00,9.1.60
14235054365,ari the peak,SO PEAK!!,Yas,5,2026-06-27T19:08:44-07:00,9.1.60
14235027830,Nig67mason,Tuff,Tuff tuff tiff tung ting tuffington tiffson,5,2026-06-27T18:59:18-07:00,9.1.60
14235026812,Mustard mango 6777,: ),"W app I g
Just u dont need WiFi",5,2026-06-27T18:58:57-07:00,9.1.60
14235023960,dud142635,Amazing,Super good just there’s a subscription,5,2026-06-27T18:57:56-07:00,9.1.60
14235007606,Mr.tartyfartykart,its just good,who tf dosent like spotify?? like?,5,2026-06-27T18:51:59-07:00,9.1.60
14234996590,nola big fan,The best,Under the Hood with Jonathan Hood is the best,5,2026-06-27T18:48:05-07:00,9.1.60
14234992516,nskajsjw,peak.,app is peak.,5,2026-06-27T18:46:37-07:00,9.1.60
14234987080,radzz33,ugh,"Asked me too rate while typing, 1 stars for making me mad, I very much dislike this disgusting app filled with ads, I will destroy the creator. The creator shall perish, I will make the creator perish, the creator deserves to rot, I’m very unhappy with this app, I think the creator should sit and think about there actions, as I’m very unhappy, help me. I need very good app and this one saddens me, whoever made this needs to fix their app, as it is very bad. I want a good app that makes me happy, not one that saddens me, and this does just the opposite of what I look for in an app.",1,2026-06-27T18:44:38-07:00,9.1.60
14234984166,STONERLINECOOK,Review,I have used Spotify for like 3+ years and have always loved it definitely the best and the cheapest,5,2026-06-27T18:43:36-07:00,9.1.60
14234983164,Kaylalaughing78901,Spotify!,Really reliable just want to make sure you find your favorite playlist! And it has great recommendations! I love using the premium family plan!,5,2026-06-27T18:43:13-07:00,9.1.60
14234963587,Eclipse supports TDL,AAAAAAAAAA,"Love. This. App! I LOOOOOVE all the playlist people make, all the songs, podcasts, audiobooks, I LOVE EVERYTHING! I like it when I see people who make playlists of things I love! Plus, I love it when I can relate to people in the comments! <3",5,2026-06-27T18:36:17-07:00,9.1.60
14234944408,JamesScott13,Cook,Love!!!!!,5,2026-06-27T18:29:24-07:00,9.1.60
14234928114,Mikey Dickey,The ads,There’s too many,4,2026-06-27T18:23:18-07:00,9.1.60
14234925538,Adydtfkcjx,No me parece justo,"Es muy buena app de música pero siento que hay muchos anuncios y no me parece justo que por lo menos a mí, no sé si a otras personas les pasa y me imagino que si, me pongan una cantidad limitada para pasar la canción o poner la canción que yo quiera porque no todos tenemos para pagar el premiun y no por eso tenemos que tener acceso limitada a las canciones que queremos escuchar",3,2026-06-27T18:22:21-07:00,9.1.60
14234921924,Mortysalt,Love SPOTIFY,Nothing better than playing the music I enjoy the most when I want to….commercial FREE! Makes my day so much more enjoyable.,5,2026-06-27T18:21:02-07:00,9.1.60
14234889188,Flowers C.A.T.S,Love it,"I’m going through a lot of stuff rn and I’ve been just listening to music and it’s been saving me sanity, love it",5,2026-06-27T18:08:41-07:00,9.1.60
14234859378,The mixx kid.,Progress is being made but too slow.,"Progress is being made but after all the years of Spotify existence it’s still not where it should be.
As a long time customer of Spotify I can say that the improvements are fee and slow to take effect.
I could really move this app ahead.",3,2026-06-27T17:57:40-07:00,9.1.60
14234851899,not paid to lie😂,a couple tweaks could be made,"when i look up pre-made playlists, and press shuffle play, it gives me songs that are nowhere near the category i chose (ex: i looked up old klove songs, and got bad bunny spanish type songs😭) i hope this is not just a me problem😭 Also the dj isnt very helpful, its pretty much just your liked songs with a few old songs you used to like. maybe thats just how it supposed to be but i just feel like theres too many things that do the same things",3,2026-06-27T17:54:51-07:00,9.1.60
14234845149,Ankluun,Team Music😂😂,"I love listening to the music, and I think it’s soo cool that u can make your own playlists. Just putting on my playlist get me in a whole mood and it gives me energy to clean my room so I just put it on playlist and clean and I feel good about it because when you go away to put something away, you have like eager to come back so you can come and listen back to the music.",5,2026-06-27T17:52:19-07:00,9.1.60
14234835459,Carlitopro1,1,10/10,5,2026-06-27T17:48:36-07:00,9.1.60
14234827715,Honest opinion whenever,Read!,Stop looking at reviews just download it!,5,2026-06-27T17:45:42-07:00,9.1.60
14234822759,Koributt19182__\~,Please open,Try 1-2 adds at the same time instead of 3-5,4,2026-06-27T17:43:50-07:00,9.1.60
14234820982,GregoryMhk,Lo mejor,La mejor app!,5,2026-06-27T17:43:11-07:00,9.1.60
14234819727,Lemononthebeach,Too many ads,"Good music, more suggestions would be appreciated just as much as less advertisement 
Thanks !",2,2026-06-27T17:42:42-07:00,9.1.60
14234818809,Athenaaa946,I love thissssss,I always listen to Eminem and I can upload it! It turns off at a scheduled time if u wanna listen to music at night!,5,2026-06-27T17:42:21-07:00,9.1.60
14234811025,Shigarki_wife,“Dear god”-XTC,Let everyone have premium for free,5,2026-06-27T17:39:28-07:00,9.1.60
14234808235,Amos Approved,Way too expensive,Too expensive for single user,1,2026-06-27T17:38:25-07:00,9.1.60
14234800818,Old vinalla,5 Stars,"Spotify is one of the best music streaming apps because compared to apple music it has better music recommendations, jam playlists, and is basically youtube in one",4,2026-06-27T17:35:38-07:00,9.1.60
14234797082,CreeperKing1613,Amazing App!,"Amazing song selection, I can literally create a playlist of any songs imaginable and also edit the transitions between them for the perfect sound!",5,2026-06-27T17:34:17-07:00,9.1.60
14234792799,Stooopidhead,It’s only been getting better,Been a user since day 1. Been my ol reliable and has only been getting better.,5,2026-06-27T17:32:44-07:00,9.1.60
14234791088,trinhhhj,you guy’s went downhill,terrible,1,2026-06-27T17:32:06-07:00,9.1.60
14234787306,Your son 69🥵,Spotify is booty,Epstein ate my booty,5,2026-06-27T17:30:42-07:00,9.1.60
14234767902,CCRasb,Please delet this,I have issues with the 6 skips you get per hour,3,2026-06-27T17:23:32-07:00,9.1.60
14234756755,katiehale12,Spotify top fan,Thank god you made Spotify because Apple Music does not have any rapping type songs. So that’s why i haded to make this. Signed: Miles.,5,2026-06-27T17:19:20-07:00,9.1.60
14234754857,IcedPearTea,PLEASE REMOVE THE JAM FEATURE,"It's literally only used by trolls. Please at least make it not automatically turn back on every time you listen to music. Every setting with jam in it is turned off in the settings, but it still always turns back on every time. Just get rid of it since people that want to listen to the same thing can just do that and its literally only used by trolls that turn off strangers music or change it. Just get rid of this braindead feature please.",1,2026-06-27T17:18:34-07:00,9.1.60
14234752988,jacin_2014,Best music,I used for several  and still listen years I,5,2026-06-27T17:17:52-07:00,9.1.60
14234745269,JuanAlbertoJr,No se puede disfrutar mucho,Antes había como mucho 1-2 anuncios por ahora luego paso a 2-3 cada media hora y ahora obligado cada 2 canciones o así hay 4-7 anuncios y no puedo disfrutar y normalmente pago el premium pero me parece un exceso la cantidad de anuncio,1,2026-06-27T17:14:54-07:00,9.1.60
14234711461,Aaabse,Too many annoying ads,The ads are insufferable,1,2026-06-27T17:01:56-07:00,9.1.60
14234705087,Look at the 5 stars,umm,my spotify dose not play playlists in order and my friends dose we both use it for free and there’s nothing i can do for it to play normally please fix this and also it plays like my friends on my ipad but not my phone still,4,2026-06-27T16:59:28-07:00,9.1.60
14234697025,Jhertzzz,Don’t Iove ripping off artists,Spotify didn’t create any of this music and yet they’re taking all the money. Lame.,2,2026-06-27T16:56:24-07:00,9.1.60
14234693129,Audrey 67667,K-pop lover,I love the kpop!!!!!,5,2026-06-27T16:54:53-07:00,9.1.60
14234679214,Opinion of an ologist,My un-biased opinion,"The free version is mid, and I swear they got some kinda ai or algorithm that tracks your activity AND THEN all the sudden turns into “premium features” but if I had to pick between the top 3 “free” music janks I’d pick Spotify every time… #digitalcrack.",5,2026-06-27T16:49:21-07:00,9.1.60
14234665280,PrestonM1115,Great but a little glitchy,Sometimes my thing freezes and why can’t you download songs without premium,4,2026-06-27T16:43:49-07:00,9.1.60
14234662779,UR BESTIE 😍🤪🤩,Idk how I feel abt this,"I love da app, don’t get me wrong. But there’s too many damn ads. Like every song there’s a ad! And then once in a while I’ll go months with Spotify premium without paying them randomly it just won’t work anymore.",3,2026-06-27T16:42:51-07:00,9.1.60
14234643485,lily.rosee,love the music,I love the music but I don't really like when you can't pick your own songs when it says the premium thing please try to take it away?,4,2026-06-27T16:35:18-07:00,9.1.60
14234639880,bubblegumydrop97,W App,Best music app out of all of them but it sucks without premium,4,2026-06-27T16:33:53-07:00,9.1.60
14234631843,TASVS,Torres,Me distrae cuando me siento mal oh algo por el estilo me desaburre demasiado es muy bueno,5,2026-06-27T16:30:46-07:00,9.1.60
14234616029,🐷rose🐷,It's alright,It makes you pay to play a song in any order,3,2026-06-27T16:24:42-07:00,9.1.60
14234612643,This isn’t truthful,I LOVE SPOTIFY,I love spotify so much I love listening to the audiobooks because I am just so lazy to pick up a book and read!,5,2026-06-27T16:23:22-07:00,9.1.60
14234609256,Sticksshacks,Server Issue,You know your AI partnerships are immoral and uneconomic and yet we all have to deal with it. Thanks,1,2026-06-27T16:22:01-07:00,9.1.60
14234600740,Sawman5934,Decent reliable,Pricey and does pay artist enough,3,2026-06-27T16:18:42-07:00,9.1.60
14234594911,Ffffsfghj7gfedgjl.hgf,Stop,Asking for a review,1,2026-06-27T16:16:28-07:00,9.1.60
14234587998,Unknown Yandere,It very good app I don’t listen to ads,It very good app and I don’t want to listen to ads,4,2026-06-27T16:13:48-07:00,9.1.60
14234570054,I heart ￼,About the music,I love to put music when I am showering and everywhere,5,2026-06-27T16:06:54-07:00,9.1.60
14234568478,CATMARIOISDAHBEST,Great music,Bro this app has great music and honestly I gave it 5 starts because it’s a app where u can get juice wrld fnf songs and etc,5,2026-06-27T16:06:17-07:00,9.1.60
14234563905,Jjc6752,Reviewing,Better than any music app,5,2026-06-27T16:04:32-07:00,9.1.60
14234555952,Mike ox inuras,Dildoh,Great app tons of music and podcasts choices just add free listening is blocked behind a paywall:/,4,2026-06-27T16:01:29-07:00,9.1.60
14234550715,dhshnakskd,Organized and lots of material,"I love how Spotify is very organized. They also offer plenty of music, podcasts, and even a good selection of audiobooks. I was a YouTube subscriber for 6+ years before I joined Spotify. YouTube would constantly recommend the same type music and videos. Spotify actually shows me new music and videos, which is what I want. Switching from YouTube to Spotify has simplified and enhanced my media listening experience.",5,2026-06-27T15:59:27-07:00,9.1.60
14234541387,ArgentinaWillWinWC,Spotify,has like everything and good controls but without premium it’s buns,4,2026-06-27T15:55:49-07:00,9.1.60
14234531483,Roblox hype,my opinion,i absolutely love love spotify. Music has helped me get through many many things through life right now. I hope to see this app strive n improve. jesus saves! 🤍,5,2026-06-27T15:51:52-07:00,9.1.60
14234511125,unicornemogi 11,Worst music app ever!,This genuinely has to be the absolute WORST music app I’ve ever used! Before I bought premium I would quite literally get 3-5 ads after EVERY SINGLE SONG. I do understand that they need to make revenue somehow but creators on Spotify already barely get paid so what’s with all these ads… ALSO the music KEEPS PAUSING RANDOMLY EVERY COUPLE SECONDS. This app is so unusable without premium it’s so obvious and annoying. If it weren’t for the playlists that I have on here I would switch IMMEDIATELY to a different app!,1,2026-06-27T15:43:48-07:00,9.1.60
14234508469,Ocean_tg,Sarah,Spotify is the best resource for music has any music you want and I recommend using Spotify premium,5,2026-06-27T15:42:47-07:00,9.1.60
14234506689,Edie🪐🌀,Spotify,Best app oat🥹,5,2026-06-27T15:42:04-07:00,9.1.60
14234502686,Brady13king,Spo,Best music platform,5,2026-06-27T15:40:29-07:00,9.1.60
14234487261,Peace&$78,My Review,Cant change the skin. Keeps repeating the same song suggestion no matter what playlist Im creating (Chimbawumba) has videos suddenly appear on the screen. Need to find the time to cancel.,1,2026-06-27T15:34:26-07:00,9.1.60
14234487239,Kingbooandamber43628,You aren’t making improvements you are making unimprovements.,This app will not let you pick a song you want to listen unless you pay for it. Don’t get this app. Don’t give money to greedy Spotify. It is selfish and greedy. I think Spotify should give us control. And it only plays random songs and it will not make you have control to pick which part of the song you want to listen to. I HATE SPOTIFY. I do not recommend this app because it selfish and greedy.       “By your dear lovely #1 hater “,1,2026-06-27T15:34:25-07:00,9.1.60
14234474100,Am I pretty boy,Heaven knows I’m miserable now,PEAK,5,2026-06-27T15:29:19-07:00,9.1.60
14234470576,mbvxsryiphtdvn,Horribly annoying,Worst free app ever,1,2026-06-27T15:27:56-07:00,9.1.60
14234460056,Paiz!!!!!!,It's so good!!!,when I turn my phone off while I have a song on the song doesn't pause it actually stays on. ☺️☺️🥰🥰🥰,5,2026-06-27T15:23:42-07:00,9.1.60
14234459891,Ihatethisnameisalreadytaken,I HATE PREMIUM,i love spotify but come on.. why do we need premium to go to a specific part in the song bro?,5,2026-06-27T15:23:39-07:00,9.1.60
14234456856,Kaniel G,Best Music App,this is way better than Apple Music,5,2026-06-27T15:22:24-07:00,9.1.60
14234456153,Romero jacob,Ads,I like Spotify but there are to much ads popping up to much,5,2026-06-27T15:22:07-07:00,9.1.60
14234437088,Tío Oño,Bonito,Me deja en paz en momentos malos,5,2026-06-27T15:14:36-07:00,9.1.60
14234423424,Brandon Keller666,Spotify,"Can’t skip to certain parts of the song, and adds regularly.",3,2026-06-27T15:09:16-07:00,9.1.60
14234422122,mlavery85,Offline or no data logic,"The way that the app will literally lock you out if you are in a poor service area by going online and offline a million times a minute. Way on earth can’t it see that I have offline files and that I am trying to play them, needing to go online to let me press the play button is insane.",1,2026-06-27T15:08:45-07:00,9.1.60
14234408848,Dar Le,My go to,Number 1 in book,5,2026-06-27T15:03:33-07:00,9.1.60
14234385000,Ant_1526,Summation,"I like it, cuz I get to listen to unreleased music and the quality",5,2026-06-27T14:54:23-07:00,9.1.60
14234383410,6Ts Rob,Oh ya…….,"Just paired up with my Sony 1000. Listening to my oldies, better than ever!",5,2026-06-27T14:53:46-07:00,9.1.60
14234380722,cadence55,Why is every playlist “made for you”???,I can’t find non-curated playlists anymore. Every playlist I search for now is 90% of what I already have plus a few similar songs. I wish I could disable to “made for you”.,1,2026-06-27T14:52:44-07:00,9.1.60
14234376393,Cheesy spfy,Playlists de algoritmos demasiado comerciales,Uno busca buenas bandas y la siguiente canción es de una banda muy comercial y una canción aburrida. Su algoritmo no es intuitivo,2,2026-06-27T14:51:06-07:00,9.1.60
14234375219,Star 🥷🏾💔,So good bruh,So like my dad put me on this app and like oh my gosh it is so amazing like at first I was with YouTube and then dad came and saved my ears like ima scream HAHAHAHAHAHAAHAHAHAHAHA jk🤣,5,2026-06-27T14:50:40-07:00,9.1.60
14234374444,Philly_kid123,Great but going downhill,"Used to be my favorite app of literally all time, but all of the new gimmicks and additions are making it much worse. It needs to be much less AI focused and have fewer, but cleaner functions. It’s still the most important app on my phone but it’s becoming less usable by the update. Fingers crossed they try to keep it simple. P.S. Change the logo back.",4,2026-06-27T14:50:22-07:00,9.1.60
14234367211,Stan Lee Jr.,Epic,It is epic,5,2026-06-27T14:47:32-07:00,9.1.60
14234358259,senditalrwady,Ooga boogie,Ooga boogum,5,2026-06-27T14:44:04-07:00,9.1.60
14234337655,Nap1849,Music,Don’t like paying for it but here we are.,5,2026-06-27T14:36:03-07:00,9.1.60
14234335999,Waywardwerewolfwobbles,Pishaw,I like music and stuff and merch,5,2026-06-27T14:35:25-07:00,9.1.60
14234330807,Beanie923,The best music app ever,Used since 2019 love the app,5,2026-06-27T14:33:24-07:00,9.1.60
14234327998,Jisdagoat,Spotify,Really good for music not that many adds,5,2026-06-27T14:32:19-07:00,9.1.60
14234320307,siminthagoat,so sigma,To close is fire. they need to add hello hello by paramore tho,5,2026-06-27T14:29:18-07:00,9.1.60
14234305897,LeilaineKB78,Problems that need to be fixed,When I try to put a different song on it says I have to got premium to play any song I want on my playlist and on my playlist it is playing different song when it has to be in order,3,2026-06-27T14:23:46-07:00,9.1.60
14234294267,Pkxd for life,Just amazing,Just know this is the best app u can turn your phone off while listening and this app is just so amazing it got all songs you can think of,5,2026-06-27T14:19:23-07:00,9.1.60
14234283501,Helpful learning app,Spotify,Spotify is very easy to use and it lets me listen to my music with very few ads. It is a great app.,5,2026-06-27T14:15:22-07:00,9.1.60
14234240511,fcyjfcjytjcy,good app,good app,5,2026-06-27T13:59:03-07:00,9.1.60
14234239483,𝕃𝕠𝕥te,It’s amazing and sigma,I love this so much :P,5,2026-06-27T13:58:40-07:00,9.1.60
14234234201,Galion jag,Spotify,Love the variety of music thank you,5,2026-06-27T13:56:43-07:00,9.1.60
14234232604,ggfgnhf,Good,Pretty good for music. I use it for music before baseball games.,5,2026-06-27T13:56:08-07:00,9.1.60
14234215499,Chillaxmax135,Overall,BEST music app I’ve ever owned I tried em all but with the premium I can save any song I can upload and download music no ads no glitches and I love jams and messages,5,2026-06-27T13:49:44-07:00,9.1.60
14234210729,Plz Spotify try to fix this.,Pls fix this,This is the worst app ever I search for some thing and it doesn’t show up and every time I leave the app to play some thing the song stops playing and it’s very annoying. So in my opinion I do not like this app.,1,2026-06-27T13:47:59-07:00,9.1.60
14234201101,jhonisell,Great service fast,Great service and fast,5,2026-06-27T13:44:28-07:00,9.1.60
14234198271,ken ariel,Best,Every time ever where the best,5,2026-06-27T13:43:25-07:00,9.1.60
14234179812,Boyeatmyshorts33,Y,Yasss,5,2026-06-27T13:36:39-07:00,9.1.60
14234173233,my name is DONALD J TRUMP,Your Mom,Great (your mom) 69,5,2026-06-27T13:34:11-07:00,9.1.60
14234139258,Hensjsygghaughrbdudj,What I love,I love the fact that I can play my favorite music on here,5,2026-06-27T13:21:44-07:00,9.1.60
14234136147,Carlosrivers,Ads are out of control,"This app used to be useful and it made sense. Now it forces you to buy the premium or forces you listen to 3 ads after one song. No way to scape the ads. Totally trash, tech money hungry app. If you are gona have to pay a fee; use YouTube, it has better selection of music.",1,2026-06-27T13:20:34-07:00,9.1.60
14234126903,CumCumCumCumCumCumCum,50/50 app,"Definitely the best music app BUT it’s ONLY the best when you have premium subscription, if you don’t have the money for 10$ a month I would recommend YouTube music!",5,2026-06-27T13:17:15-07:00,9.1.60
14234125408,Virviryapma,Açmıyo,Premium aldım açmıyo,3,2026-06-27T13:16:44-07:00,9.1.60
14234111731,Shuffle options,Shuffle,"I feel like I hear the same songs over again on shuffle. Seems like it shouldn’t do that with 19,000 songs to choose from.",5,2026-06-27T13:11:51-07:00,9.1.60
14234099386,Easton S. Wise,Brand new update,"The update that released just today is infuriating. I can no longer play music that I want to listen to, even of its one specific song. On top of all of that, when I select a specific song theres a pop up that says “Try Spotify Premium for $0 for 3 months”. This is the just a once every few times I go to play a specific song, it’s every. Single. Song. Very bad update very bad idea. It will only aggravate the community.",2,2026-06-27T13:07:26-07:00,9.1.60
14234098722,The dark onion,I,The best place to listen to music,5,2026-06-27T13:07:12-07:00,9.1.60
14234084549,CrocketBOMB,On second thought…,"I was wrong about my harsh reception of the video-side of spotify, it’s actually quite great especially with premium, and freezes up much less often than Youtube. Still the best music platform, hands down! (Though I wish the creators I watch would post more to Spotify. Perhaps time will tell)",5,2026-06-27T13:02:08-07:00,9.1.60
14234074155,driving 67,Spotify is good,Spotify is good,5,2026-06-27T12:58:26-07:00,9.1.60
14234071037,quacker spoodle,They’re practically forcing to buy premium.,"A lot of features for the app has practically been set to be used as “premium features”, now they’re even limiting how many songs you can choose per day, it’s getting a bit out of hand.",1,2026-06-27T12:57:20-07:00,8.9.60
14234048973,Shernell8541,Apple who?,All bets on Spotify ANYDAY!,5,2026-06-27T12:49:35-07:00,9.1.60
14234046253,Great 4long.,Pretty Good.,Awesome and To The Point.,5,2026-06-27T12:48:38-07:00,9.1.60
14234046100,Mahkir15,Won’t get off of offline mode,Won’t get off of offline mode,1,2026-06-27T12:48:35-07:00,9.1.60
14234040845,Charleythataintwright99,Spotify,Spotify is amazing for music and podcasts if you have screen time limits and I have been watching lots of videos from podcasts but recently my favorite episode won’t work I can’t watch it I know it has the video because I have watched it before but it does the thing where you can read lyrics on the screen where the video would be overall it’s really great but I wish I knew how to fix that problem. It would be great if that got fixed.,5,2026-06-27T12:46:42-07:00,9.1.60
14234033961,Charlieee44,My favorite app,It’s such a good app,5,2026-06-27T12:44:16-07:00,9.1.60
14234025656,Jimothybobamue,Best app,EVER,5,2026-06-27T12:41:21-07:00,9.1.60
14234010854,future country music star ⭐️,AWESOME!!!!!! 😎 🤩,"i absolutely love this app, i pay for premium and it’s totally worth it. even the ai bot is amazing (its been giving me ways to produce music) just one suggestion: can you put out the notes of the song, not just lyrics, i’m working on making music and that would be super helpful. pls and thx 😊",5,2026-06-27T12:36:13-07:00,9.1.60
14234009571,cristian ronaldo sewiii,Best app ever,"Nothing bad to say, it even sets up albums based on your taste!!!",5,2026-06-27T12:35:46-07:00,9.1.60
14234006710,Paloma Plus,I love the app,I don’t have many apps that I enjoy. Spotify is the only one that enjoy a lot. Thank you!!,5,2026-06-27T12:34:48-07:00,9.1.60
14234003759,DufferMac,Bloatware bogs ipad,"Sluggish, locks ipad too much. Poor functioning. Use only free and be aware.",2,2026-06-27T12:33:45-07:00,9.1.60
14233999091,strxwberri_s,Limited Music,For sone reason songs by R5 (an American band) are not available in America?? pmo,2,2026-06-27T12:32:08-07:00,9.1.60
14233992496,didybob,fairs,"I think Spotify is cool how you can check up on your minutes listened, top songs, and top artist of the week. Also your able to see latest song Reslese by artists you're following.Although I dislike seeing 5 20 second adds every 3 songs just because I don't have premium. Also when I want to skip a song I can't because i ran out of skips for the hour. And no I don't want to pay for premium",3,2026-06-27T12:29:53-07:00,9.1.60
14233988139,Deanna Sly,F,The only thing I don’t like about is that we have to wait till tomorrow to play music like be fr,5,2026-06-27T12:28:23-07:00,9.1.60
14233948567,Sienna’s App,Spotify Ratings,Amazing!!! Amazing music!! You will love it!!!!,5,2026-06-27T12:14:44-07:00,9.1.60
14233934197,wrstrong,Kris Heaton Band,Thank you for playing my song . Tribute to Native Americans,5,2026-06-27T12:09:49-07:00,9.1.60
14233933783,Lexyyyyyyyyyuyyyuyyyyyyy,V,Good but I wish there wasn’t as many adds,5,2026-06-27T12:09:39-07:00,9.1.60
14233929036,Sooooooooooooo goooooooood,Sooo good,Sooooooooooo gooooood would recommend,5,2026-06-27T12:08:02-07:00,9.1.60
14233905611,Bailey Zimmerman 2.0 fan😎😎,concert not showing,so i wanna go to Bailey Zimmerman and i was trying to find tickets for it on my spotify and SOOO the date he coming near me didn’t show! so apparently where i live isn’t good enough for spotify???,3,2026-06-27T12:00:03-07:00,9.1.60
14233904658,Storyvibe2,Pricing,To expensive and not enough what are the buyers getting out of it more than the corporation?,1,2026-06-27T11:59:45-07:00,9.1.60
